,FileHeader: Filename,Date,Time,Row,Type,Identifier 1,Identifier 2,Amount,Sample Dilution,Peak Nr.,Component,Rt,Amt%,Ampl. 28,Ampl. 29,Area 28,Area 29,d 15N/14N,Ampl. 44,Ampl. 45,Ampl. 46,Area 44,Area 45,Area 46,Area All,d 13C/12C,Peak Nr. Flash TCD,Rt Flash TCD,rArea Flash TCD,Amt% Flash TCD,Element Type,Datetime,Seconds Since Start,d 15N/14N_corr,d 15N/14N_se,d 13C/12C_corr,d 13C/12C_se
112,22732_d15N-d13C_ACETANILIDE-0000.dxf,11/21/2024,13:49:50,13,Reference,ACETANILIDE,STANDARD,0.00081,0.0,3.0,N2,159.3,10.32,5346.0,3924.0,137.283,1.007,-0.935,,,,,,,138.29,,,,,,Nitrogen,2024-11-21 13:49:50,9288.0,-1.3350678079175968,0.22052368315559462,,
132,22735_d15N-d13C_ACETANILIDE-0000.dxf,11/21/2024,14:17:37,16,Start Reference Regression,ACETANILIDE,STANDARD,0.00061,0.0,3.0,N2,158.6,10.32,3420.0,2511.0,88.12,0.646,-0.975,,,,,,,88.766,,,,,,Nitrogen,2024-11-21 14:17:37,10955.0,-1.3602920098030609,0.21609608254936202,,
140,22736_d15N-d13C_ACETANILIDE-0000.dxf,11/21/2024,14:26:53,17,Add Reference Regression,ACETANILIDE,STANDARD,0.00094,0.0,3.0,N2,158.4,10.32,5759.0,4228.0,145.465,1.067,-0.975,,,,,,,146.532,,,,,,Nitrogen,2024-11-21 14:26:53,11511.0,-1.355363789196173,0.21463670389191064,,
141,22736_d15N-d13C_ACETANILIDE-0000.dxf,11/21/2024,14:26:53,17,Add Reference Regression,ACETANILIDE,STANDARD,0.00094,89.0,4.0,CO2,273.0,71.06,,,,,,7837.0,9109.0,11251.0,213.733,2.472,0.921,217.126,-29.146,,,,,Carbon,2024-11-21 14:26:53,11511.0,,,-29.25127912052049,0.08426149506371923
148,22737_d15N-d13C_ACETANILIDE-0000.dxf,11/21/2024,14:36:08,18,Add Reference Regression,ACETANILIDE,STANDARD,0.00085,0.0,3.0,N2,158.4,10.32,5280.0,3876.0,133.878,0.982,-0.944,,,,,,,134.86,,,,,,Nitrogen,2024-11-21 14:36:08,12066.0,-1.3194444322954126,0.21318891459565553,,
149,22737_d15N-d13C_ACETANILIDE-0000.dxf,11/21/2024,14:36:08,18,Add Reference Regression,ACETANILIDE,STANDARD,0.00085,89.0,4.0,CO2,273.6,71.06,,,,,,7228.0,8396.0,10375.0,196.217,2.27,0.845,199.332,-29.18,,,,,Carbon,2024-11-21 14:36:08,12066.0,,,-29.283676253518767,0.08363641933214964
156,22738_d15N-d13C_ACETANILIDE-0000.dxf,11/21/2024,14:45:24,19,Add Reference Regression,ACETANILIDE,STANDARD,0.00071,0.0,3.0,N2,158.6,10.32,4663.0,3423.0,118.728,0.871,-0.957,,,,,,,119.598,,,,,,Nitrogen,2024-11-21 14:45:24,12622.0,-1.327516211688525,0.21174768183597592,,
157,22738_d15N-d13C_ACETANILIDE-0000.dxf,11/21/2024,14:45:24,19,Add Reference Regression,ACETANILIDE,STANDARD,0.00071,89.0,4.0,CO2,274.8,71.06,,,,,,6426.0,7459.0,9226.0,173.594,2.008,0.748,176.35,-29.257,,,,,Carbon,2024-11-21 14:45:24,12622.0,,,-29.359070498468395,0.08301522198077269
164,22739_d15N-d13C_SORGHUM-0000.dxf,11/21/2024,14:54:40,20,Sample,SORGHUM,STANDARD,0.00166,0.0,3.0,N2,159.5,1.846181,1628.0,1199.0,41.867,0.308,1.743,,,,,,,42.175,,,,,,Nitrogen,2024-11-21 14:54:40,13178.0,1.377412008918363,0.21031581096639226,,
165,22739_d15N-d13C_SORGHUM-0000.dxf,11/21/2024,14:54:40,20,Sample,SORGHUM,STANDARD,0.00166,89.0,4.0,CO2,272.1,30.8771889,,,,,,8870.0,10443.0,12730.0,245.955,2.881,1.059,249.895,-14.709,,,,,Carbon,2024-11-21 14:54:40,13178.0,,,-14.80946474341802,0.08239914699864052
172,22740_d15N-d13C_SORGHUM-0000.dxf,11/21/2024,15:03:56,21,Sample,SORGHUM,SAMPLE,0.00169,0.0,3.0,N2,158.6,1.8357521,1664.0,1225.0,42.41,0.312,1.102,,,,,,,42.722,,,,,,Nitrogen,2024-11-21 15:03:56,13734.0,0.7413402295252507,0.20889349450162012,,
173,22740_d15N-d13C_SORGHUM-0000.dxf,11/21/2024,15:03:56,21,Sample,SORGHUM,SAMPLE,0.00169,89.0,4.0,CO2,271.1,30.8929679,,,,,,8953.0,10541.0,12847.0,246.508,2.887,1.061,250.456,-14.365,,,,,Carbon,2024-11-21 15:03:56,13734.0,,,-14.463858988367647,0.08178831013942632
180,22741_d15N-d13C_SORGHUM-0000.dxf,11/21/2024,15:13:11,22,Sample,SORGHUM,SAMPLE,0.00187,0.0,3.0,N2,159.5,1.6820939,1676.0,1235.0,43.03,0.317,1.248,,,,,,,43.347,,,,,,Nitrogen,2024-11-21 15:13:11,14289.0,0.892259586426011,0.20748346064613454,,
181,22741_d15N-d13C_SORGHUM-0000.dxf,11/21/2024,15:13:11,22,Sample,SORGHUM,SAMPLE,0.00187,89.0,4.0,CO2,271.5,33.9919363,,,,,,9100.0,10707.0,13059.0,252.731,2.959,1.088,256.777,-14.448,,,,,Carbon,2024-11-21 15:13:11,14289.0,,,-14.545256121365927,0.08118391375514393
188,22742_d15N-d13C_WHEAT FLOUR-0000.dxf,11/21/2024,15:22:27,23,Sample,WHEAT FLOUR,SAMPLE,0.0019,0.0,3.0,N2,159.0,2.0034996,2067.0,1527.0,52.671,0.389,4.765,,,,,,,53.06,,,,,,Nitrogen,2024-11-21 15:22:27,14845.0,4.414187807032898,0.2060808284056917,,
189,22742_d15N-d13C_WHEAT FLOUR-0000.dxf,11/21/2024,15:22:27,23,Sample,WHEAT FLOUR,SAMPLE,0.0019,89.0,4.0,CO2,271.3,31.048594,,,,,,9072.0,10542.0,13020.0,250.334,2.893,1.078,254.305,-27.346,,,,,Carbon,2024-11-21 15:22:27,14845.0,,,-27.441650366315553,0.08058390039707647
196,22743_d15N-d13C_BL SEDIMENT-0000.dxf,11/21/2024,15:31:43,24,Sample,BL SEDIMENT,SAMPLE,0.0092,0.0,3.0,N2,158.6,0.7560045,4070.0,3002.0,102.28,0.754,3.286,,,,,,,103.035,,,,,,Nitrogen,2024-11-21 15:31:43,15401.0,2.940116027639786,0.2046883517793863,,
197,22743_d15N-d13C_BL SEDIMENT-0000.dxf,11/21/2024,15:31:43,24,Sample,BL SEDIMENT,SAMPLE,0.0092,89.0,4.0,CO2,271.7,7.0365146,,,,,,9109.0,10568.0,13073.0,253.381,2.925,1.091,257.396,-28.632,,,,,Carbon,2024-11-21 15:31:43,15401.0,,,-28.72604461126518,0.07998948716914023
204,22744_d15N-d13C_MJS-24-006_Swamp Milkweed; leaf (F1)-0000.dxf,11/21/2024,16:15:22,25,Sample,MJS-24-006_Swamp Milkweed; leaf (F1),SAMPLE,0.00265,0.0,3.0,N2,157.2,4.4712176,8199.0,6076.0,198.36,1.469,8.519,,,,,,,199.829,,,,,,Nitrogen,2024-11-21 16:15:22,18020.0,8.1963300739877,0.19827216523152677,,
205,22744_d15N-d13C_MJS-24-006_Swamp Milkweed; leaf (F1)-0000.dxf,11/21/2024,16:15:22,25,Sample,MJS-24-006_Swamp Milkweed; leaf (F1),SAMPLE,0.00265,89.0,4.0,CO2,264.4,177.3810301,,,,,,13094.0,15195.0,18790.0,367.265,4.232,1.581,373.078,-31.201,,,,,Carbon,2024-11-21 16:15:22,18020.0,,,-31.287480811846248,0.07726871628668075
212,22745_d15N-d13C_MJS-24-006_Northern Pondweed; leaf (F2)-0000.dxf,11/21/2024,16:24:39,26,Sample,MJS-24-006_Northern Pondweed; leaf (F2),SAMPLE,0.00264,0.0,3.0,N2,157.0,4.4978778,8154.0,6085.0,198.953,1.484,15.58,,,,,,,200.436,,,,,,Nitrogen,2024-11-21 16:24:39,18577.0,15.262267158300714,0.1969394226341464,,
213,22745_d15N-d13C_MJS-24-006_Northern Pondweed; leaf (F2)-0000.dxf,11/21/2024,16:24:39,26,Sample,MJS-24-006_Northern Pondweed; leaf (F2),SAMPLE,0.00264,89.0,4.0,CO2,264.6,170.8117494,,,,,,12903.0,15075.0,18509.0,363.514,4.217,1.564,369.296,-24.11,,,,,Carbon,2024-11-21 16:24:39,18577.0,,,-24.194872168747224,0.0767077666462558
221,22746_d15N-d13C_MJS-24-005_Maple; leaf (F3)-0000.dxf,11/21/2024,16:33:55,27,Sample,MJS-24-005_Maple; leaf (F3),SAMPLE,0.0028,0.0,3.0,N2,158.2,2.413868,3943.0,2913.0,98.978,0.731,5.562,,,,,,,99.709,,,,,,Nitrogen,2024-11-21 16:33:55,19133.0,5.249195378907602,0.1956207195019897,,
222,22746_d15N-d13C_MJS-24-005_Maple; leaf (F3)-0000.dxf,11/21/2024,16:33:55,27,Sample,MJS-24-005_Maple; leaf (F3),SAMPLE,0.0028,89.0,4.0,CO2,263.3,338.8137283,,,,,,14990.0,17413.0,21497.0,443.505,5.116,1.908,450.529,-29.869,,,,,Carbon,2024-11-21 16:33:55,19133.0,,,-29.952266413696847,0.07615432250609475
229,22747_d15N-d13C_MJS-24-005_Water Moss; all (F4)-0000.dxf,11/21/2024,16:43:11,28,Sample,MJS-24-005_Water Moss; all (F4),SAMPLE,0.00258,0.0,3.0,N2,157.2,2.3187445,3496.0,2609.0,86.213,0.644,16.421,,,,,,,86.857,,,,,,Nitrogen,2024-11-21 16:43:11,19689.0,16.113123599514488,0.19431388970577193,,
230,22747_d15N-d13C_MJS-24-005_Water Moss; all (F4)-0000.dxf,11/21/2024,16:43:11,28,Sample,MJS-24-005_Water Moss; all (F4),SAMPLE,0.00258,89.0,4.0,CO2,266.3,56.2326957,,,,,,10536.0,12104.0,15113.0,286.779,3.275,1.234,291.288,-39.269,,,,,Carbon,2024-11-21 16:43:11,19689.0,,,-39.350660658646476,0.07560751359911895
237,22748_d15N-d13C_MJS-24-005_Black Walnut; leaf (F5)-0000.dxf,11/21/2024,16:52:27,29,Sample,MJS-24-005_Black Walnut; leaf (F5),SAMPLE,0.00259,0.0,3.0,N2,157.8,2.2653746,3380.0,2499.0,84.367,0.625,7.19,,,,,,,84.992,,,,,,Nitrogen,2024-11-21 16:52:27,20245.0,6.8870518201213775,0.1930191744097028,,
238,22748_d15N-d13C_MJS-24-005_Black Walnut; leaf (F5)-0000.dxf,11/21/2024,16:52:27,29,Sample,MJS-24-005_Black Walnut; leaf (F5),SAMPLE,0.00259,89.0,4.0,CO2,264.8,194.2845912,,,,,,13173.0,15254.0,18893.0,373.555,4.295,1.607,379.457,-31.972,,,,,Carbon,2024-11-21 16:52:27,20245.0,,,-32.0520549035961,0.0750674849231839
245,22749_d15N-d13C_MJS-24-005_Riverbank Grape; leaf (F6)-0000.dxf,11/21/2024,17:01:43,30,Sample,MJS-24-005_Riverbank Grape; leaf (F6),SAMPLE,0.00263,0.0,3.0,N2,157.6,2.5556084,3992.0,2951.0,98.348,0.727,5.878,,,,,,,99.076,,,,,,Nitrogen,2024-11-21 17:01:43,20801.0,5.579980040728265,0.19173681902578132,,
246,22749_d15N-d13C_MJS-24-005_Riverbank Grape; leaf (F6)-0000.dxf,11/21/2024,17:01:43,30,Sample,MJS-24-005_Riverbank Grape; leaf (F6),SAMPLE,0.00263,89.0,4.0,CO2,263.8,253.437385,,,,,,13920.0,16164.0,19958.0,401.846,4.632,1.728,408.206,-29.384,,,,,Carbon,2024-11-21 17:01:43,20801.0,,,-29.46244914854573,0.07453438385414303
253,22750_d15N-d13C_MJS-24-005_Curly-leaf Pondweed; leaf (F7)-0000.dxf,11/21/2024,17:10:59,31,Sample,MJS-24-005_Curly-leaf Pondweed; leaf (F7),SAMPLE,0.00291,0.0,3.0,N2,158.8,3.1285628,5485.0,4092.0,140.717,1.051,15.529,,,,,,,141.767,,,,,,Nitrogen,2024-11-21 17:10:59,21357.0,15.235908261335153,0.19046707320046885,,
254,22750_d15N-d13C_MJS-24-005_Curly-leaf Pondweed; leaf (F7)-0000.dxf,11/21/2024,17:10:59,31,Sample,MJS-24-005_Curly-leaf Pondweed; leaf (F7),SAMPLE,0.00291,89.0,4.0,CO2,264.0,187.5231567,,,,,,13486.0,15669.0,19333.0,381.299,4.398,1.64,387.337,-28.492,,,,,Carbon,2024-11-21 17:10:59,21357.0,,,-28.568843393495357,0.07400836009609893
261,22751_d15N-d13C_MJS-24-005_Silky Dogwood; leaf (F8)-0000.dxf,11/21/2024,17:20:15,32,Sample,MJS-24-005_Silky Dogwood; leaf (F8),SAMPLE,0.00268,0.0,3.0,N2,158.2,2.1500412,3267.0,2427.0,82.679,0.615,11.743,,,,,,,83.294,,,,,,Nitrogen,2024-11-21 17:20:15,21913.0,11.45483648194204,0.18921019079342924,,
262,22751_d15N-d13C_MJS-24-005_Silky Dogwood; leaf (F8)-0000.dxf,11/21/2024,17:20:15,32,Sample,MJS-24-005_Silky Dogwood; leaf (F8),SAMPLE,0.00268,89.0,4.0,CO2,264.2,332.9568582,,,,,,14716.0,17052.0,21093.0,435.755,5.012,1.873,442.64,-31.292,,,,,Carbon,2024-11-21 17:20:15,21913.0,,,-31.367237638444983,0.07348956562318062
269,22752_d15N-d13C_MJS-24-010_Northern White Cedar; leaf (F9)-0000.dxf,11/21/2024,17:29:31,33,Sample,MJS-24-010_Northern White Cedar; leaf (F9),SAMPLE,0.00286,0.0,3.0,N2,157.8,1.3005838,2042.0,1503.0,51.39,0.379,2.895,,,,,,,51.769,,,,,,Nitrogen,2024-11-21 17:29:31,22469.0,2.6117647025489283,0.18796642984779122,,
270,22752_d15N-d13C_MJS-24-010_Northern White Cedar; leaf (F9)-0000.dxf,11/21/2024,17:29:31,33,Sample,MJS-24-010_Northern White Cedar; leaf (F9),SAMPLE,0.00286,89.0,4.0,CO2,262.3,378.438077,,,,,,15575.0,18084.0,22317.0,461.056,5.312,1.982,468.35,-29.344,,,,,Carbon,2024-11-21 17:29:31,22469.0,,,-29.417631883394613,0.07297815461236677
277,22753_d15N-d13C_MJS-24-010_Giant Goldenrod; leaf (F10)-0000.dxf,11/21/2024,17:38:47,34,Sample,MJS-24-010_Giant Goldenrod; leaf (F10),SAMPLE,0.0028,0.0,3.0,N2,157.6,1.9392601,3160.0,2330.0,77.413,0.572,4.167,,,,,,,77.984,,,,,,Nitrogen,2024-11-21 17:38:47,23025.0,3.8886929231558156,0.1867360525513724,,
278,22753_d15N-d13C_MJS-24-010_Giant Goldenrod; leaf (F10)-0000.dxf,11/21/2024,17:38:47,34,Sample,MJS-24-010_Giant Goldenrod; leaf (F10),SAMPLE,0.0028,89.0,4.0,CO2,262.5,282.9445819,,,,,,14727.0,17048.0,21098.0,421.339,4.84,1.811,427.989,-32.533,,,,,Carbon,2024-11-21 17:38:47,23025.0,,,-32.605026128344235,0.07247428336687475
285,22754_d15N-d13C_MJS-24-010_Colts Foot; leaf (F11)-0000.dxf,11/21/2024,17:48:04,35,Sample,MJS-24-010_Colts Foot; leaf (F11),SAMPLE,0.0026,0.0,3.0,N2,157.2,3.9906633,6819.0,5034.0,165.954,1.226,4.367,,,,,,,167.179,,,,,,Nitrogen,2024-11-21 17:48:04,23582.0,4.093630007468832,0.18551714928882276,,
286,22754_d15N-d13C_MJS-24-010_Colts Foot; leaf (F11)-0000.dxf,11/21/2024,17:48:04,35,Sample,MJS-24-010_Colts Foot; leaf (F11),SAMPLE,0.0026,89.0,4.0,CO2,264.0,194.5994109,,,,,,13226.0,15276.0,18946.0,374.082,4.289,1.608,379.979,-34.421,,,,,Carbon,2024-11-21 17:48:04,23582.0,,,-34.491417485245215,0.0719772248631948
293,22755_d15N-d13C_MJS-24-010_Eastern Hemlock; leaf (F12)-0000.dxf,11/21/2024,17:57:20,36,Sample,MJS-24-010_Eastern Hemlock; leaf (F12),SAMPLE,0.0028,0.0,3.0,N2,157.8,1.5264795,2383.0,1755.0,59.635,0.44,3.105,,,,,,,60.075,,,,,,Nitrogen,2024-11-21 17:57:20,24138.0,2.8365582280757193,0.18431436746326935,,
294,22755_d15N-d13C_MJS-24-010_Eastern Hemlock; leaf (F12)-0000.dxf,11/21/2024,17:57:20,36,Sample,MJS-24-010_Eastern Hemlock; leaf (F12),SAMPLE,0.0028,89.0,4.0,CO2,262.7,320.2006978,,,,,,14863.0,17192.0,21284.0,436.358,5.009,1.875,443.241,-33.305,,,,,Carbon,2024-11-21 17:57:20,24138.0,,,-33.37381173019484,0.07148892439930703
302,22756_d15N-d13C_SORGHUM-0000.dxf,11/21/2024,18:06:36,37,Sample,SORGHUM,STANDARD,0.00182,89.0,4.0,CO2,268.1,32.4966936,,,,,,9234.0,10851.0,13230.0,250.386,2.927,1.076,254.389,-14.324,,,,,Carbon,2024-11-21 18:06:36,24694.0,,,-14.391205975144468,0.07100864474347879
309,22757_d15N-d13C_WHEAT FLOUR-0000.dxf,11/21/2024,18:15:52,38,Sample,WHEAT FLOUR,STANDARD,0.00208,0.0,3.0,N2,157.6,2.0619577,2393.0,1773.0,59.853,0.444,9.174,,,,,,,60.298,,,,,,Nitrogen,2024-11-21 18:15:52,25250.0,8.915414669289493,0.18195166712335809,,
310,22757_d15N-d13C_WHEAT FLOUR-0000.dxf,11/21/2024,18:15:52,38,Sample,WHEAT FLOUR,STANDARD,0.00208,89.0,4.0,CO2,266.9,59.4529139,,,,,,10193.0,11833.0,14600.0,279.027,3.221,1.199,283.447,-27.465,,,,,Carbon,2024-11-21 18:15:52,25250.0,,,-27.530600220094094,0.07053654973568052
317,22758_d15N-d13C_MJS-24-010_Riparian Grass; leaf (G1)-0000.dxf,11/21/2024,18:25:08,39,Sample,MJS-24-010_Riparian Grass; leaf (G1),SAMPLE,0.00288,0.0,3.0,N2,157.6,1.0475827,1667.0,1231.0,41.182,0.305,5.599,,,,,,,41.486,,,,,,Nitrogen,2024-11-21 18:25:08,25806.0,5.345342889896383,0.18079230877285626,,
318,22758_d15N-d13C_MJS-24-010_Riparian Grass; leaf (G1)-0000.dxf,11/21/2024,18:25:08,39,Sample,MJS-24-010_Riparian Grass; leaf (G1),SAMPLE,0.00288,89.0,4.0,CO2,264.0,256.5311772,,,,,,14252.0,16474.0,20405.0,413.27,4.742,1.775,419.787,-33.75,,,,,Carbon,2024-11-21 18:25:08,25806.0,,,-33.81399446504372,0.07007280480111738
325,22759_d15N-d13C_MJS-24-010_Curly-leaf Pondweed; leaf (G2)-0000.dxf,11/21/2024,18:34:25,40,Sample,MJS-24-010_Curly-leaf Pondweed; leaf (G2),SAMPLE,0.0029,0.0,3.0,N2,157.8,2.0179631,3422.0,2522.0,84.125,0.621,3.7,,,,,,,84.745,,,,,,Nitrogen,2024-11-21 18:34:25,26363.0,3.451279974209398,0.1796459468954873,,
326,22759_d15N-d13C_MJS-24-010_Curly-leaf Pondweed; leaf (G2)-0000.dxf,11/21/2024,18:34:25,40,Sample,MJS-24-010_Curly-leaf Pondweed; leaf (G2),SAMPLE,0.0029,89.0,4.0,CO2,265.2,161.6268168,,,,,,12973.0,15013.0,18574.0,367.021,4.217,1.576,372.815,-32.224,,,,,Carbon,2024-11-21 18:34:25,26363.0,,,-32.28638582194469,0.06961676582592785
333,22760_d15N-d13C_MJS-24-010_Willow; leaf (G3)-0000.dxf,11/21/2024,18:43:41,41,Sample,MJS-24-010_Willow; leaf (G3),SAMPLE,0.00285,0.0,3.0,N2,158.2,2.5826901,4371.0,3245.0,109.192,0.812,11.013,,,,,,,110.004,,,,,,Nitrogen,2024-11-21 18:43:41,26919.0,10.769208194816285,0.17851698736763447,,
334,22760_d15N-d13C_MJS-24-010_Willow; leaf (G3)-0000.dxf,11/21/2024,18:43:41,41,Sample,MJS-24-010_Willow; leaf (G3),SAMPLE,0.00285,89.0,4.0,CO2,264.8,361.2605476,,,,,,15143.0,17544.0,21682.0,454.282,5.224,1.951,461.457,-31.302,,,,,Carbon,2024-11-21 18:43:41,26919.0,,,-31.362780066894324,0.06917023870127109
341,22761_d15N-d13C_MJS-24-011_Ash; leaf (G4)-0000.dxf,11/21/2024,18:52:57,42,Sample,MJS-24-011_Ash; leaf (G4),SAMPLE,0.00289,0.0,3.0,N2,157.6,2.7912163,4919.0,3638.0,121.593,0.9,7.064,,,,,,,122.494,,,,,,Nitrogen,2024-11-21 18:52:57,27475.0,6.825136415423174,0.17740365115961304,,
342,22761_d15N-d13C_MJS-24-011_Ash; leaf (G4)-0000.dxf,11/21/2024,18:52:57,42,Sample,MJS-24-011_Ash; leaf (G4),SAMPLE,0.00289,89.0,4.0,CO2,262.3,351.2118191,,,,,,15458.0,17934.0,22130.0,452.37,5.207,1.943,459.519,-30.367,,,,,Carbon,2024-11-21 18:52:57,27475.0,,,-30.42617431184395,0.06873256625277699
349,22762_d15N-d13C_MJS-24-011_Riparian Grass; leaf (G5)-0000.dxf,11/21/2024,19:02:13,43,Sample,MJS-24-011_Riparian Grass; leaf (G5),SAMPLE,0.00294,0.0,3.0,N2,158.0,1.9395642,3300.0,2445.0,81.726,0.607,9.741,,,,,,,82.333,,,,,,Nitrogen,2024-11-21 19:02:13,28031.0,9.50706463603006,0.17630623424545364,,
350,22762_d15N-d13C_MJS-24-011_Riparian Grass; leaf (G5)-0000.dxf,11/21/2024,19:02:13,43,Sample,MJS-24-011_Riparian Grass; leaf (G5),SAMPLE,0.00294,89.0,4.0,CO2,264.2,275.7084499,,,,,,14324.0,16666.0,20508.0,424.021,4.898,1.821,430.74,-26.719,,,,,Carbon,2024-11-21 19:02:13,28031.0,,,-26.776568556793578,0.06830391869553863
357,22763_d15N-d13C_MJS-24-011_Pondweed; leaf (G6)-0000.dxf,11/21/2024,19:11:29,44,Sample,MJS-24-011_Pondweed; leaf (G6),SAMPLE,0.00311,0.0,3.0,N2,157.4,3.7227014,7959.0,5865.0,192.09,1.416,2.778,,,,,,,193.507,,,,,,Nitrogen,2024-11-21 19:11:29,28587.0,2.548992856636949,0.17522503572825845,,
358,22763_d15N-d13C_MJS-24-011_Pondweed; leaf (G6)-0000.dxf,11/21/2024,19:11:29,44,Sample,MJS-24-011_Pondweed; leaf (G6),SAMPLE,0.00311,89.0,4.0,CO2,263.5,223.4008486,,,,,,14155.0,16372.0,20268.0,406.39,4.666,1.746,412.802,-32.866,,,,,Carbon,2024-11-21 19:11:29,28587.0,,,-32.921962801743206,0.06788446698924532
365,22764_d15N-d13C_MJS-24-011_Filamentous algae; all (G7)-0000.dxf,11/21/2024,19:20:44,45,Sample,MJS-24-011_Filamentous algae; all (G7),SAMPLE,0.003,0.0,3.0,N2,157.4,1.7958012,3092.0,2293.0,76.74,0.57,10.587,,,,,,,77.31,,,,,,Nitrogen,2024-11-21 19:20:44,29142.0,10.362912213537708,0.17416225753974404,,
366,22764_d15N-d13C_MJS-24-011_Filamentous algae; all (G7)-0000.dxf,11/21/2024,19:20:44,45,Sample,MJS-24-011_Filamentous algae; all (G7),SAMPLE,0.003,89.0,4.0,CO2,268.4,19.6173765,,,,,,9172.0,10655.0,13138.0,250.26,2.893,1.075,254.228,-25.969,,,,,Carbon,2024-11-21 19:20:44,29142.0,,,-26.023359934741485,0.06747511168136583
373,22765_d15N-d13C_MJS-24-012_Sedge; leaf (G8)-0000.dxf,11/21/2024,19:30:01,46,Sample,MJS-24-012_Sedge; leaf (G8),SAMPLE,0.00274,0.0,3.0,N2,157.4,3.2062543,5562.0,4134.0,134.713,1.003,12.226,,,,,,,135.716,,,,,,Nitrogen,2024-11-21 19:30:01,29699.0,12.006849297850724,0.17311250486201044,,
374,22765_d15N-d13C_MJS-24-012_Sedge; leaf (G8)-0000.dxf,11/21/2024,19:30:01,46,Sample,MJS-24-012_Sedge; leaf (G8),SAMPLE,0.00274,89.0,4.0,CO2,263.8,253.5759684,,,,,,14068.0,16317.0,20145.0,406.381,4.679,1.746,412.805,-29.969,,,,,Carbon,2024-11-21 19:30:01,29699.0,,,-30.02175129164246,0.06707383743477592
381,22766_d15N-d13C_MJS-24-012_Aquatic Coontail; leaf (G9)-0000.dxf,11/21/2024,19:39:17,47,Sample,MJS-24-012_Aquatic Coontail; leaf (G9),SAMPLE,0.00262,0.0,3.0,N2,157.4,1.5484298,2240.0,1664.0,56.379,0.42,12.899,,,,,,,56.799,,,,,,Nitrogen,2024-11-21 19:39:17,30255.0,12.684777518457611,0.17208178468702906,,
382,22766_d15N-d13C_MJS-24-012_Aquatic Coontail; leaf (G9)-0000.dxf,11/21/2024,19:39:17,47,Sample,MJS-24-012_Aquatic Coontail; leaf (G9),SAMPLE,0.00262,89.0,4.0,CO2,272.1,5.4120557,,,,,,5825.0,6727.0,8351.0,153.843,1.77,0.661,156.275,-30.672,,,,,Carbon,2024-11-21 19:39:17,30255.0,,,-30.723145536592085,0.0666830032976348
389,22767_d15N-d13C_MJS-24-012_Filamentous algae; all (G10)-0000.dxf,11/21/2024,19:48:33,48,Sample,MJS-24-012_Filamentous algae; all (G10),SAMPLE,0.00264,0.0,3.0,N2,157.4,2.61298,4130.0,3065.0,101.313,0.754,12.0,,,,,,,102.067,,,,,,Nitrogen,2024-11-21 19:48:33,30811.0,11.7907057390645,0.1710685068200809,,
390,22767_d15N-d13C_MJS-24-012_Filamentous algae; all (G10)-0000.dxf,11/21/2024,19:48:33,48,Sample,MJS-24-012_Filamentous algae; all (G10),SAMPLE,0.00264,89.0,4.0,CO2,267.5,42.8831661,,,,,,10085.0,11712.0,14454.0,275.018,3.175,1.182,279.375,-27.322,,,,,Carbon,2024-11-21 19:48:33,30811.0,,,-27.371539781541713,0.06630205195264181
397,22768_d15N-d13C_MJS-24-012_Willow; leaf (G11)-0000.dxf,11/21/2024,19:57:50,49,Sample,MJS-24-012_Willow; leaf (G11),SAMPLE,0.00254,0.0,3.0,N2,158.0,3.0399741,4524.0,3332.0,115.48,0.85,0.821,,,,,,,116.33,,,,,,Nitrogen,2024-11-21 19:57:50,31368.0,0.6166428233775152,0.1700712086924705,,
398,22768_d15N-d13C_MJS-24-012_Willow; leaf (G11)-0000.dxf,11/21/2024,19:57:50,49,Sample,MJS-24-012_Willow; leaf (G11),SAMPLE,0.00254,89.0,4.0,CO2,264.4,307.3620217,,,,,,13996.0,16228.0,20051.0,419.605,4.833,1.803,426.241,-29.789,,,,,Carbon,2024-11-21 19:57:50,31368.0,,,-29.836931138442687,0.06593049678788541
405,22769_d15N-d13C_MJS-24-012_Honeysuckle; leaf (G12)-0000.dxf,11/21/2024,20:07:06,50,Sample,MJS-24-012_Honeysuckle; leaf (G12),SAMPLE,0.00294,0.0,3.0,N2,157.6,2.4159877,4307.0,3179.0,104.784,0.775,6.424,,,,,,,105.559,,,,,,Nitrogen,2024-11-21 20:07:06,31924.0,6.224571043984404,0.16909378531183905,,
406,22769_d15N-d13C_MJS-24-012_Honeysuckle; leaf (G12)-0000.dxf,11/21/2024,20:07:06,50,Sample,MJS-24-012_Honeysuckle; leaf (G12),SAMPLE,0.00294,89.0,4.0,CO2,263.3,243.0354508,,,,,,14312.0,16555.0,20498.0,409.502,4.7,1.759,415.961,-33.293,,,,,Carbon,2024-11-21 20:07:06,31924.0,,,-33.339325383392314,0.06556984280050689
414,22770_d15N-d13C_SORGHUM-0000.dxf,11/21/2024,20:16:22,51,Sample,SORGHUM,STANDARD,0.00189,89.0,4.0,CO2,267.7,47.4260422,,,,,,9717.0,11418.0,13923.0,265.199,3.099,1.14,269.437,-14.54,,,,,Carbon,2024-11-21 20:16:22,32480.0,,,-14.58471962834194,0.0652195834611186
421,22771_d15N-d13C_WHEAT FLOUR-0000.dxf,11/21/2024,20:25:38,52,Sample,WHEAT FLOUR,STANDARD,0.00214,0.0,3.0,N2,158.0,1.911783,2291.0,1698.0,56.891,0.424,13.217,,,,,,,57.315,,,,,,Nitrogen,2024-11-21 20:25:38,33036.0,13.02742748519818,0.16719440484160947,,
422,22771_d15N-d13C_WHEAT FLOUR-0000.dxf,11/21/2024,20:25:38,52,Sample,WHEAT FLOUR,STANDARD,0.00214,89.0,4.0,CO2,267.3,51.5553961,,,,,,10049.0,11667.0,14402.0,273.881,3.161,1.177,278.219,-27.56,,,,,Carbon,2024-11-21 20:25:38,33036.0,,,-27.60311387329157,0.06487988711899288
429,22772_d15N-d13C_MJS-24-012_Queen Anne's Lace; leaf (H1)-0000.dxf,11/21/2024,20:34:54,53,Sample,MJS-24-012_Queen Anne's Lace; leaf (H1),SAMPLE,0.00275,0.0,3.0,N2,157.6,2.6970604,4459.0,3292.0,110.167,0.815,6.576,,,,,,,110.982,,,,,,Nitrogen,2024-11-21 20:34:54,33592.0,6.391355705805066,0.16627308135902585,,
430,22772_d15N-d13C_MJS-24-012_Queen Anne's Lace; leaf (H1)-0000.dxf,11/21/2024,20:34:54,53,Sample,MJS-24-012_Queen Anne's Lace; leaf (H1),SAMPLE,0.00275,89.0,4.0,CO2,264.0,196.8721728,,,,,,13394.0,15490.0,19189.0,380.551,4.369,1.635,386.555,-32.913,,,,,Carbon,2024-11-21 20:34:54,33592.0,,,-32.95450811824119,0.06455092053625196
437,22773_d15N-d13C_MJS-24-012_Riparian Grass; leaf (H2)-0000.dxf,11/22/2024,8:25:51,54,Sample,MJS-24-012_Riparian Grass; leaf (H2),SAMPLE,0.00269,0.0,3.0,N2,158.2,1.9995664,3067.0,2275.0,76.607,0.568,7.605,,,,,,,77.174,,,,,,Nitrogen,2024-11-22 08:25:51,76249.0,7.7984548180856645,0.16793360271002705,,
438,22773_d15N-d13C_MJS-24-012_Riparian Grass; leaf (H2)-0000.dxf,11/22/2024,8:25:51,54,Sample,MJS-24-012_Riparian Grass; leaf (H2),SAMPLE,0.00269,89.0,4.0,CO2,266.5,118.7759659,,,,,,11452.0,13314.0,16408.0,335.445,3.876,1.442,340.762,-31.937,,,,,Carbon,2024-11-22 08:25:51,76249.0,,,-31.855312626903494,0.07561655563298877
445,22774_d15N-d13C_MJS-24-013_Filamentous algae; all (H3)-0000.dxf,11/22/2024,8:38:54,55,Sample,MJS-24-013_Filamentous algae; all (H3),SAMPLE,0.00313,0.0,3.0,N2,157.8,2.5085801,4698.0,3469.0,117.775,0.869,3.83,,,,,,,118.644,,,,,,Nitrogen,2024-11-22 08:38:54,77032.0,4.030395099983493,0.16928396370553825,,
446,22774_d15N-d13C_MJS-24-013_Filamentous algae; all (H3)-0000.dxf,11/22/2024,8:38:54,55,Sample,MJS-24-013_Filamentous algae; all (H3),SAMPLE,0.00313,89.0,4.0,CO2,266.9,49.2313017,,,,,,10520.0,12204.0,15064.0,289.827,3.342,1.245,294.414,-33.656,,,,,Carbon,2024-11-22 08:38:54,77032.0,,,-33.57205128480917,0.07638868412755995
453,22775_d15N-d13C_MJS-24-013_Sensitive Fern; leaf (H4)-0000.dxf,11/22/2024,8:48:11,56,Sample,MJS-24-013_Sensitive Fern; leaf (H4),SAMPLE,0.00274,0.0,3.0,N2,158.2,1.7562179,2571.0,1889.0,67.807,0.498,-0.607,,,,,,,68.305,,,,,,Nitrogen,2024-11-22 08:48:11,77589.0,-0.4016678157034914,0.1702667347099383,,
454,22775_d15N-d13C_MJS-24-013_Sensitive Fern; leaf (H4)-0000.dxf,11/22/2024,8:48:11,56,Sample,MJS-24-013_Sensitive Fern; leaf (H4),SAMPLE,0.00274,89.0,4.0,CO2,265.2,235.1147215,,,,,,13390.0,15597.0,19162.0,398.186,4.607,1.71,404.503,-29.671,,,,,Carbon,2024-11-22 08:48:11,77589.0,,,-29.585442641710145,0.0769459105742855
462,22776_d15N-d13C_MJS-24-013_Sugar Maple; leaf (H5)-0000.dxf,11/22/2024,8:59:09,57,Sample,MJS-24-013_Sugar Maple; leaf (H5),SAMPLE,0.00296,89.0,4.0,CO2,273.8,398.8033112,,,,,,14993.0,17432.0,21455.0,473.249,5.462,2.031,480.742,-30.637,,,,,Carbon,2024-11-22 08:59:09,78247.0,,,-30.549542305697294,0.0776124849171699
486,22780_d15N-d13C_MJS-24-013_Ash; leaf (H6)-0000.dxf,11/22/2024,9:40:44,61,Sample,MJS-24-013_Ash; leaf (H6),SAMPLE,0.00286,0.0,3.0,N2,157.6,2.5941187,4545.0,3355.0,110.209,0.813,4.466,,,,,,,111.022,,,,,,Nitrogen,2024-11-22 09:40:44,80742.0,4.699279449716504,0.1761613915346333,,
487,22780_d15N-d13C_MJS-24-013_Ash; leaf (H6)-0000.dxf,11/22/2024,9:40:44,61,Sample,MJS-24-013_Ash; leaf (H6),SAMPLE,0.00286,89.0,4.0,CO2,262.1,406.8157495,,,,,,16011.0,18627.0,22920.0,471.176,5.438,2.023,478.638,-29.177,,,,,Carbon,2024-11-22 09:40:44,80742.0,,,-29.08233662431118,0.08021786822269086
494,22781_d15N-d13C_MJS-24-013_Eastern Black Walnut; leaf (H7)-0000.dxf,11/22/2024,9:50:01,62,Sample,MJS-24-013_Eastern Black Walnut; leaf (H7),SAMPLE,0.00298,0.0,3.0,N2,157.6,2.9263673,5400.0,3969.0,133.524,0.981,0.903,,,,,,,134.505,,,,,,Nitrogen,2024-11-22 09:50:01,81299.0,1.1412165340295188,0.1772586515935209,,
495,22781_d15N-d13C_MJS-24-013_Eastern Black Walnut; leaf (H7)-0000.dxf,11/22/2024,9:50:01,62,Sample,MJS-24-013_Eastern Black Walnut; leaf (H7),SAMPLE,0.00298,89.0,4.0,CO2,262.7,404.6720418,,,,,,15857.0,18432.0,22693.0,476.333,5.495,2.045,483.873,-29.907,,,,,Carbon,2024-11-22 09:50:01,81299.0,,,-29.810727981212153,0.0808155322064944
502,22782_d15N-d13C_MJS-24-013_Japanese Knotweed; leaf (H8)-0000.dxf,11/22/2024,10:01:08,63,Sample,MJS-24-013_Japanese Knotweed; leaf (H8),SAMPLE,0.00305,0.0,3.0,N2,157.8,1.9173766,3214.0,2379.0,84.055,0.625,12.03,,,,,,,84.679,,,,,,Nitrogen,2024-11-22 10:01:08,81966.0,12.274128626016559,0.17859365240725844,,
503,22782_d15N-d13C_MJS-24-013_Japanese Knotweed; leaf (H8)-0000.dxf,11/22/2024,10:01:08,63,Sample,MJS-24-013_Japanese Knotweed; leaf (H8),SAMPLE,0.00305,96.0,4.0,CO2,264.6,171.6944942,,,,,,4346.0,5051.0,6219.0,137.207,1.584,0.589,139.379,-29.145,,,,,Carbon,2024-11-22 10:01:08,81966.0,,,-29.046801652761438,0.08153854747779499
510,22783_d15N-d13C_MJS-24-007_Slender Naiad; leaf (H9)-0000.dxf,11/22/2024,10:10:24,64,Sample,MJS-24-007_Slender Naiad; leaf (H9),SAMPLE,0.00289,0.0,3.0,N2,157.6,2.0759809,3459.0,2579.0,86.493,0.644,10.003,,,,,,,87.137,,,,,,Nitrogen,2024-11-22 10:10:24,82522.0,10.252056846623447,0.17972366899242329,,
511,22783_d15N-d13C_MJS-24-007_Slender Naiad; leaf (H9)-0000.dxf,11/22/2024,10:10:24,64,Sample,MJS-24-007_Slender Naiad; leaf (H9),SAMPLE,0.00289,96.0,4.0,CO2,270.0,1.1716909,,,,,,2299.0,2683.0,3291.0,61.605,0.716,0.264,62.584,-22.148,,,,,Carbon,2024-11-22 10:10:24,82522.0,,,-22.048195897711064,0.08214719507630176
518,22784_d15N-d13C_MJS-24-007_Filamentous algae; all (H10)-0000.dxf,11/22/2024,10:19:41,65,Sample,MJS-24-007_Filamentous algae; all (H10),SAMPLE,0.00267,0.0,3.0,N2,157.4,2.3955295,3744.0,2775.0,92.956,0.691,10.931,,,,,,,93.647,,,,,,Nitrogen,2024-11-22 10:19:41,83079.0,11.18499393093646,0.18087106989517454,,
519,22784_d15N-d13C_MJS-24-007_Filamentous algae; all (H10)-0000.dxf,11/22/2024,10:19:41,65,Sample,MJS-24-007_Filamentous algae; all (H10),SAMPLE,0.00267,96.0,4.0,CO2,267.9,0.7523669,,,,,,2684.0,3108.0,3842.0,72.374,0.833,0.31,73.517,-31.184,,,,,Carbon,2024-11-22 10:19:41,83079.0,,,-31.08258725461204,0.08276223803155425
526,22785_d15N-d13C_MJS-24-007_Ribbon-leaved Pondweed; leaf (H11)-0000.dxf,11/22/2024,10:28:57,66,Sample,MJS-24-007_Ribbon-leaved Pondweed; leaf (H11),SAMPLE,0.00278,0.0,3.0,N2,157.2,2.8499063,4833.0,3595.0,119.025,0.885,10.648,,,,,,,119.91,,,,,,Nitrogen,2024-11-22 10:28:57,83635.0,10.906922151543348,0.18203144574866187,,
527,22785_d15N-d13C_MJS-24-007_Ribbon-leaved Pondweed; leaf (H11)-0000.dxf,11/22/2024,10:28:57,66,Sample,MJS-24-007_Ribbon-leaved Pondweed; leaf (H11),SAMPLE,0.00278,96.0,4.0,CO2,267.5,4.6785039,,,,,,2882.0,3372.0,4125.0,78.74,0.916,0.338,79.994,-20.928,,,,,Carbon,2024-11-22 10:28:57,83635.0,,,-20.824981499561666,0.0833813509842241
534,22786_d15N-d13C_MJS-24-007_Ribbon-leaved Pondweed; leaf (H12)-0000.dxf,11/22/2024,10:38:13,67,Sample,MJS-24-007_Ribbon-leaved Pondweed; leaf (H12),SAMPLE,0.00301,0.0,3.0,N2,156.8,3.2659356,6314.0,4675.0,154.866,1.147,7.776,,,,,,,156.013,,,,,,Nitrogen,2024-11-22 10:38:13,84191.0,8.039850372150237,0.1832065574175131,,
535,22786_d15N-d13C_MJS-24-007_Ribbon-leaved Pondweed; leaf (H12)-0000.dxf,11/22/2024,10:38:13,67,Sample,MJS-24-007_Ribbon-leaved Pondweed; leaf (H12),SAMPLE,0.00301,96.0,4.0,CO2,266.3,14.750706,,,,,,3173.0,3711.0,4539.0,87.947,1.022,0.377,89.346,-21.298,,,,,Carbon,2024-11-22 10:38:13,84191.0,,,-21.193375744511293,0.08400551912636399
557,22790_d15N-d13C_SORGHUM-0000.dxf,11/22/2024,11:15:18,71,Sample,SORGHUM,STANDARD,0.00186,0.0,3.0,N2,158.2,1.5668417,1564.0,1151.0,39.713,0.292,1.133,,,,,,,40.005,,,,,,Nitrogen,2024-11-22 11:15:18,86416.0,1.416572118283916,0.18805101199057764,,
558,22790_d15N-d13C_SORGHUM-0000.dxf,11/22/2024,11:15:18,71,Sample,SORGHUM,STANDARD,0.00186,89.0,4.0,CO2,269.6,25.6690793,,,,,,8869.0,10427.0,12704.0,243.884,2.853,1.048,247.785,-14.543,,,,,Carbon,2024-11-22 11:15:18,86416.0,,,-14.431949836261149,0.08655170407679653
565,22791_d15N-d13C_WHEAT FLOUR-0000.dxf,11/22/2024,11:24:34,72,Sample,WHEAT FLOUR,STANDARD,0.00189,0.0,3.0,N2,158.0,1.988841,2083.0,1537.0,51.968,0.383,3.912,,,,,,,52.351,,,,,,Nitrogen,2024-11-22 11:24:34,86972.0,4.200500338890803,0.18929567802729955,,
566,22791_d15N-d13C_WHEAT FLOUR-0000.dxf,11/22/2024,11:24:34,72,Sample,WHEAT FLOUR,STANDARD,0.00189,89.0,4.0,CO2,269.0,29.4823693,,,,,,9123.0,10599.0,13068.0,248.538,2.872,1.068,252.478,-27.453,,,,,Carbon,2024-11-22 11:24:34,86972.0,,,-27.340344081210773,0.08719952669308885
573,22792_d15N-d13C_MJS-24-007_Leafy Pondweed; leaf (A1)-0000.dxf,11/22/2024,11:33:50,73,Sample,MJS-24-007_Leafy Pondweed; leaf (A1),SAMPLE,0.00281,0.0,3.0,N2,157.4,2.6922535,4593.0,3405.0,112.74,0.835,8.713,,,,,,,113.575,,,,,,Nitrogen,2024-11-22 11:33:50,87528.0,9.00642855949769,0.19055344775693597,,
574,22792_d15N-d13C_MJS-24-007_Leafy Pondweed; leaf (A1)-0000.dxf,11/22/2024,11:33:50,73,Sample,MJS-24-007_Leafy Pondweed; leaf (A1),SAMPLE,0.00281,96.0,4.0,CO2,267.7,17.3448207,,,,,,3173.0,3704.0,4544.0,88.91,1.031,0.382,90.324,-24.008,,,,,Carbon,2024-11-22 11:33:50,87528.0,,,-23.893738326160403,0.08785176911236839
581,22793_d15N-d13C_MJS-24-007_Elodea; all (A2)-0000.dxf,11/22/2024,11:43:06,74,Sample,MJS-24-007_Elodea; all (A2),SAMPLE,0.00294,0.0,3.0,N2,157.4,3.5953718,6884.0,5093.0,170.016,1.259,7.86,,,,,,,171.274,,,,,,Nitrogen,2024-11-22 11:43:06,88084.0,8.15835678010458,0.1918240634211495,,
582,22793_d15N-d13C_MJS-24-007_Elodea; all (A2)-0000.dxf,11/22/2024,11:43:06,74,Sample,MJS-24-007_Elodea; all (A2),SAMPLE,0.00294,96.0,4.0,CO2,268.6,6.0211707,,,,,,2896.0,3367.0,4149.0,80.545,0.931,0.346,81.822,-27.269,,,,,Carbon,2024-11-22 11:43:06,88084.0,,,-27.153132571110028,0.08850833362243278
589,22794_d15N-d13C_MJS-24-007_Japanese Knotweed; leaf (A3)-0000.dxf,11/22/2024,11:52:22,75,Sample,MJS-24-007_Japanese Knotweed; leaf (A3),SAMPLE,0.00281,0.0,3.0,N2,158.0,2.7351418,4651.0,3439.0,114.847,0.851,8.062,,,,,,,115.697,,,,,,Nitrogen,2024-11-22 11:52:22,88640.0,8.365285000711467,0.19310727144738138,,
590,22794_d15N-d13C_MJS-24-007_Japanese Knotweed; leaf (A3)-0000.dxf,11/22/2024,11:52:22,75,Sample,MJS-24-007_Japanese Knotweed; leaf (A3),SAMPLE,0.00281,96.0,4.0,CO2,266.1,75.2933184,,,,,,3814.0,4413.0,5465.0,111.873,1.285,0.48,113.638,-33.332,,,,,Carbon,2024-11-22 11:52:22,88640.0,,,-33.21452681605966,0.08916912475088931
597,22795_d15N-d13C_MJS-24-007_Oak; leaf (A4)-0000.dxf,11/22/2024,12:01:39,76,Sample,MJS-24-007_Oak; leaf (A4),SAMPLE,0.00273,0.0,3.0,N2,157.4,2.5747202,4245.0,3119.0,103.53,0.762,2.14,,,,,,,104.292,,,,,,Nitrogen,2024-11-22 12:01:39,89197.0,2.4482220850244825,0.19440516357754356,,
598,22795_d15N-d13C_MJS-24-007_Oak; leaf (A4)-0000.dxf,11/22/2024,12:01:39,76,Sample,MJS-24-007_Oak; leaf (A4),SAMPLE,0.00273,96.0,4.0,CO2,264.6,87.9392053,,,,,,3923.0,4562.0,5616.0,114.749,1.324,0.493,116.566,-28.347,,,,,Carbon,2024-11-22 12:01:39,89197.0,,,-28.227918172960635,0.08983524880471667
605,22796_d15N-d13C_MJS-24-007_Phragmites; leaf (A5)-0000.dxf,11/22/2024,12:10:55,77,Sample,MJS-24-007_Phragmites; leaf (A5),SAMPLE,0.00267,0.0,3.0,N2,157.8,0.9410757,1375.0,1016.0,34.009,0.253,13.031,,,,,,,34.262,,,,,,Nitrogen,2024-11-22 12:10:55,89753.0,13.34415030563137,0.19571283403101683,,
606,22796_d15N-d13C_MJS-24-007_Phragmites; leaf (A5)-0000.dxf,11/22/2024,12:10:55,77,Sample,MJS-24-007_Phragmites; leaf (A5),SAMPLE,0.00267,96.0,4.0,CO2,265.4,49.0629481,,,,,,3582.0,4158.0,5129.0,102.453,1.181,0.44,104.074,-29.651,,,,,Carbon,2024-11-22 12:10:55,89753.0,,,-29.53031241791026,0.0905042227184595
613,22797_d15N-d13C_MJS-24-007_Black Willow; leaf (A6)-0000.dxf,11/22/2024,12:20:11,78,Sample,MJS-24-007_Black Willow; leaf (A6),SAMPLE,0.00304,0.0,3.0,N2,157.8,2.4972048,4640.0,3438.0,113.196,0.841,10.613,,,,,,,114.037,,,,,,Nitrogen,2024-11-22 12:20:11,90309.0,10.931078526238258,0.19703236106385877,,
614,22797_d15N-d13C_MJS-24-007_Black Willow; leaf (A6)-0000.dxf,11/22/2024,12:20:11,78,Sample,MJS-24-007_Black Willow; leaf (A6),SAMPLE,0.00304,96.0,4.0,CO2,263.5,148.3195658,,,,,,4416.0,5129.0,6323.0,132.195,1.523,0.567,134.286,-29.849,,,,,Carbon,2024-11-22 12:20:11,90309.0,,,-29.726706662859886,0.09117714974549547
621,22798_d15N-d13C_MJS-24-008_Cattail; leaf (A7)-0000.dxf,11/22/2024,12:29:27,79,Sample,MJS-24-008_Cattail; leaf (A7),SAMPLE,0.00281,0.0,3.0,N2,157.8,2.289659,3837.0,2844.0,93.579,0.696,10.946,,,,,,,94.275,,,,,,Nitrogen,2024-11-22 12:29:27,90865.0,11.269006746845145,0.19836350806398556,,
622,22798_d15N-d13C_MJS-24-008_Cattail; leaf (A7)-0000.dxf,11/22/2024,12:29:27,79,Sample,MJS-24-008_Cattail; leaf (A7),SAMPLE,0.00281,96.0,4.0,CO2,265.0,73.8192164,,,,,,3837.0,4452.0,5495.0,111.434,1.284,0.478,113.196,-30.021,,,,,Carbon,2024-11-22 12:29:27,90865.0,,,-29.897100907809516,0.09185394300369096
629,22799_d15N-d13C_MJS-24-008_Reed Canary Grass; leaf (A8)-0000.dxf,11/22/2024,12:38:44,80,Sample,MJS-24-008_Reed Canary Grass; leaf (A8),SAMPLE,0.00311,0.0,3.0,N2,157.0,3.2733743,6725.0,4976.0,161.925,1.2,8.352,,,,,,,163.125,,,,,,Nitrogen,2024-11-22 12:38:44,91422.0,8.67994383115816,0.19970846742364196,,
630,22799_d15N-d13C_MJS-24-008_Reed Canary Grass; leaf (A8)-0000.dxf,11/22/2024,12:38:44,80,Sample,MJS-24-008_Reed Canary Grass; leaf (A8),SAMPLE,0.00311,96.0,4.0,CO2,263.1,112.4208655,,,,,,4197.0,4869.0,6010.0,124.489,1.433,0.534,126.456,-30.554,,,,,Carbon,2024-11-22 12:38:44,91422.0,,,-30.428492264710485,0.0925357450724754
637,22800_d15N-d13C_MJS-24-008_Reed Canary Grass; seeds (A9)-0000.dxf,11/22/2024,12:47:59,81,Sample,MJS-24-008_Reed Canary Grass; seeds (A9),SAMPLE,0.00303,0.0,3.0,N2,157.8,0.7173441,1179.0,876.0,29.256,0.219,17.967,,,,,,,29.475,,,,,,Nitrogen,2024-11-22 12:47:59,91977.0,18.29986318805892,0.2010597367721139,,
638,22800_d15N-d13C_MJS-24-008_Reed Canary Grass; seeds (A9)-0000.dxf,11/22/2024,12:47:59,81,Sample,MJS-24-008_Reed Canary Grass; seeds (A9),SAMPLE,0.00303,96.0,4.0,CO2,265.0,61.1773982,,,,,,3753.0,4355.0,5375.0,109.043,1.256,0.468,110.766,-30.185,,,,,Carbon,2024-11-22 12:47:59,91977.0,,,-30.057889397708763,0.09321879089469755
645,22801_d15N-d13C_MJS-24-008_Hemp Dogbane; leaf (A10)-0000.dxf,11/22/2024,12:57:15,82,Sample,MJS-24-008_Hemp Dogbane; leaf (A10),SAMPLE,0.00319,0.0,3.0,N2,158.2,1.5831271,2890.0,2139.0,71.475,0.531,10.274,,,,,,,72.006,,,,,,Nitrogen,2024-11-22 12:57:15,92533.0,10.611791408665809,0.20242436648101567,,
646,22801_d15N-d13C_MJS-24-008_Hemp Dogbane; leaf (A10)-0000.dxf,11/22/2024,12:57:15,82,Sample,MJS-24-008_Hemp Dogbane; leaf (A10),SAMPLE,0.00319,96.0,4.0,CO2,262.9,163.2957241,,,,,,4534.0,5264.0,6493.0,137.027,1.578,0.588,139.193,-30.08,,,,,Carbon,2024-11-22 12:57:15,92533.0,,,-29.951283642658392,0.09390668185385205
653,22802_d15N-d13C_MJS-24-008_Riverbank Grape; leaf (A11)-0000.dxf,11/22/2024,13:06:31,83,Sample,MJS-24-008_Riverbank Grape; leaf (A11),SAMPLE,0.00268,0.0,3.0,N2,157.4,2.5666616,4140.0,3055.0,100.987,0.747,6.067,,,,,,,101.734,,,,,,Nitrogen,2024-11-22 13:06:31,93089.0,6.409719629272697,0.2037997121261827,,
654,22802_d15N-d13C_MJS-24-008_Riverbank Grape; leaf (A11)-0000.dxf,11/22/2024,13:06:31,83,Sample,MJS-24-008_Riverbank Grape; leaf (A11),SAMPLE,0.00268,96.0,4.0,CO2,264.8,57.4224458,,,,,,3685.0,4278.0,5277.0,105.368,1.215,0.452,107.035,-29.237,,,,,Carbon,2024-11-22 13:06:31,93089.0,,,-29.10667788760802,0.09459811161701191
661,22803_d15N-d13C_MJS-24-008_Bulrush; seeds (A12)-0000.dxf,11/22/2024,13:15:47,84,Sample,MJS-24-008_Bulrush; seeds (A12),SAMPLE,0.00286,0.0,3.0,N2,157.4,1.3128381,2113.0,1574.0,51.9,0.389,18.444,,,,,,,52.288,,,,,,Nitrogen,2024-11-22 13:15:47,93645.0,18.791647849879585,0.2051855582230263,,
662,22803_d15N-d13C_MJS-24-008_Bulrush; seeds (A12)-0000.dxf,11/22/2024,13:15:47,84,Sample,MJS-24-008_Bulrush; seeds (A12),SAMPLE,0.00286,96.0,4.0,CO2,265.0,52.6226166,,,,,,3662.0,4247.0,5246.0,104.952,1.208,0.451,106.611,-30.452,,,,,Carbon,2024-11-22 13:15:47,93645.0,,,-30.320072132557648,0.09529300315333497
685,22807_d15N-d13C_SORGHUM-0000.dxf,11/22/2024,13:57:13,88,Sample,SORGHUM,STANDARD,0.00188,0.0,3.0,N2,157.4,1.7668791,1727.0,1271.0,45.578,0.335,0.74,,,,,,,45.913,,,,,,Nitrogen,2024-11-22 13:57:13,96131.0,1.1096830233125397,0.21150494014005405,,
686,22807_d15N-d13C_SORGHUM-0000.dxf,11/22/2024,13:57:13,88,Sample,SORGHUM,STANDARD,0.00188,89.0,4.0,CO2,266.9,48.0254623,,,,,,9745.0,11451.0,13982.0,265.484,3.102,1.143,269.729,-14.923,,,,,Carbon,2024-11-22 13:57:13,96131.0,,,-14.783892443609398,0.09844041838927856
693,22808_d15N-d13C_WHEAT FLOUR-0000.dxf,11/22/2024,14:06:28,89,Sample,WHEAT FLOUR,STANDARD,0.00202,0.0,3.0,N2,157.6,1.9353795,2085.0,1538.0,54.193,0.399,3.596,,,,,,,54.592,,,,,,Nitrogen,2024-11-22 14:06:28,96686.0,3.9706023802133,0.21294200584589634,,
694,22808_d15N-d13C_WHEAT FLOUR-0000.dxf,11/22/2024,14:06:28,89,Sample,WHEAT FLOUR,STANDARD,0.00202,89.0,4.0,CO2,267.5,29.5719941,,,,,,9277.0,10773.0,13314.0,250.738,2.896,1.079,254.713,-27.63,,,,,Carbon,2024-11-22 14:06:28,96686.0,,,-27.489289576607675,0.09915168174389906
701,22809_d15N-d13C_MJS-24-008_Bulrush; leaf (B1)-0000.dxf,11/22/2024,14:15:43,90,Sample,MJS-24-008_Bulrush; leaf (B1),SAMPLE,0.00277,0.0,3.0,N2,157.4,2.29456,3601.0,2667.0,92.3,0.683,7.408,,,,,,,92.982,,,,,,Nitrogen,2024-11-22 14:15:43,97241.0,7.78752173711406,0.21438824371831897,,
702,22809_d15N-d13C_MJS-24-008_Bulrush; leaf (B1)-0000.dxf,11/22/2024,14:15:43,90,Sample,MJS-24-008_Bulrush; leaf (B1),SAMPLE,0.00277,96.0,4.0,CO2,264.8,64.2096595,,,,,,3733.0,4331.0,5353.0,108.196,1.246,0.465,109.907,-30.648,,,,,Carbon,2024-11-22 14:15:43,97241.0,,,-30.505686709605953,0.09986594068563695
709,22810_d15N-d13C_MJS-24-008_Watermilfoil; all (B2)-0000.dxf,11/22/2024,14:24:58,91,Sample,MJS-24-008_Watermilfoil; all (B2),SAMPLE,0.00296,0.0,3.0,N2,156.5,3.670794,7124.0,5290.0,176.291,1.31,11.701,,,,,,,177.601,,,,,,Nitrogen,2024-11-22 14:24:58,97796.0,12.08544109401482,0.21584346938580878,,
710,22810_d15N-d13C_MJS-24-008_Watermilfoil; all (B2)-0000.dxf,11/22/2024,14:24:58,91,Sample,MJS-24-008_Watermilfoil; all (B2),SAMPLE,0.00296,96.0,4.0,CO2,263.8,56.1739193,,,,,,3767.0,4392.0,5403.0,106.849,1.236,0.459,108.544,-25.057,,,,,Carbon,2024-11-22 14:24:58,97796.0,,,-24.91308384260423,0.10058313139790062
717,22811_d15N-d13C_MJS-24-008_Sedge; leaf (B3)-0000.dxf,11/22/2024,14:34:14,92,Sample,MJS-24-008_Sedge; leaf (B3),SAMPLE,0.00298,0.0,3.0,N2,157.2,2.5947651,4504.0,3347.0,115.661,0.861,13.413,,,,,,,116.522,,,,,,Nitrogen,2024-11-22 14:34:14,98352.0,13.802369314621709,0.2173101480237252,,
718,22811_d15N-d13C_MJS-24-008_Sedge; leaf (B3)-0000.dxf,11/22/2024,14:34:14,92,Sample,MJS-24-008_Sedge; leaf (B3),SAMPLE,0.00298,96.0,4.0,CO2,264.6,56.1621003,,,,,,3707.0,4288.0,5316.0,106.986,1.229,0.46,108.674,-32.361,,,,,Carbon,2024-11-22 14:34:14,98352.0,,,-32.215478087553855,0.10130449157179498
731,22813_d15N-d13C_CAK265_Common Shiner; muscle (B5)-0000.dxf,11/22/2024,14:52:44,94,Sample,CAK265_Common Shiner; muscle (B5),SAMPLE,0.00125,50.0,3.0,N2,156.8,9.6574422,4022.0,2996.0,101.819,0.758,14.452,,,,,,,102.577,,,,,,Nitrogen,2024-11-22 14:52:44,99462.0,14.85120802842323,0.22026396245977134,,
732,22813_d15N-d13C_CAK265_Common Shiner; muscle (B5)-0000.dxf,11/22/2024,14:52:44,94,Sample,CAK265_Common Shiner; muscle (B5),SAMPLE,0.00125,89.0,4.0,CO2,269.4,0.9810787,,,,,,7411.0,8601.0,10645.0,196.742,2.273,0.848,199.863,-26.264,,,,,Carbon,2024-11-22 14:52:44,99462.0,,,-26.115272353550417,0.10275298887288781
739,22814_d15N-d13C_CAK257_Spottail Shiner; muscle (B6)-0000.dxf,11/22/2024,15:01:59,95,Sample,CAK257_Spottail Shiner; muscle (B6),SAMPLE,0.00055,50.0,3.0,N2,157.2,11.6100489,1749.0,1301.0,46.392,0.344,11.681,,,,,,,46.736,,,,,,Nitrogen,2024-11-22 15:01:59,100017.0,12.085127385323988,0.22175338572851863,,
740,22814_d15N-d13C_CAK257_Spottail Shiner; muscle (B6)-0000.dxf,11/22/2024,15:01:59,95,Sample,CAK257_Spottail Shiner; muscle (B6),SAMPLE,0.00055,89.0,4.0,CO2,274.4,267.3289699,,,,,,3259.0,3778.0,4692.0,84.274,0.975,0.364,85.613,-25.162,,,,,Carbon,2024-11-22 15:01:59,100017.0,,,-25.011669486548698,0.10348130373044437
747,22815_d15N-d13C_CAK261_Sand Shiner; muscle (B7)-0000.dxf,11/22/2024,15:11:14,96,Sample,CAK261_Sand Shiner; muscle (B7),SAMPLE,0.0012,50.0,3.0,N2,156.5,9.8361231,3887.0,2893.0,98.647,0.733,12.752,,,,,,,99.38,,,,,,Nitrogen,2024-11-22 15:11:14,100572.0,13.16104674222475,0.22325093067346538,,
748,22815_d15N-d13C_CAK261_Sand Shiner; muscle (B7)-0000.dxf,11/22/2024,15:11:14,96,Sample,CAK261_Sand Shiner; muscle (B7),SAMPLE,0.0012,89.0,4.0,CO2,269.6,-0.2910148,,,,,,7138.0,8292.0,10259.0,188.765,2.184,0.814,191.763,-25.596,,,,,Carbon,2024-11-22 15:11:14,100572.0,,,-25.444066619546973,0.10421225368251871
774,22819_d15N-d13C_SORGHUM-0000.dxf,11/22/2024,15:48:15,100,Sample,SORGHUM,STANDARD,0.00175,0.0,3.0,N2,157.8,1.9239739,1578.0,1162.0,46.235,0.34,0.216,,,,,,,46.574,,,,,,Nitrogen,2024-11-22 15:48:15,102793.0,0.6447330335339181,0.22932189265055375,,
775,22819_d15N-d13C_SORGHUM-0000.dxf,11/22/2024,15:48:15,100,Sample,SORGHUM,STANDARD,0.00175,89.0,4.0,CO2,268.6,21.5022248,,,,,,8776.0,10310.0,12618.0,237.433,2.775,1.024,241.233,-14.636,,,,,Carbon,2024-11-22 15:48:15,102793.0,,,-14.477652263491438,0.10716266028968646
782,22820_d15N-d13C_WHEAT FLOUR-0000.dxf,11/22/2024,15:57:30,101,Sample,WHEAT FLOUR,STANDARD,0.00189,0.0,3.0,N2,157.8,2.2686732,2112.0,1558.0,59.841,0.44,2.637,,,,,,,60.281,,,,,,Nitrogen,2024-11-22 15:57:30,103348.0,3.0706523904346783,0.23085769241238074,,
783,22820_d15N-d13C_WHEAT FLOUR-0000.dxf,11/22/2024,15:57:30,101,Sample,WHEAT FLOUR,STANDARD,0.00189,89.0,4.0,CO2,267.7,34.5509348,,,,,,9396.0,10908.0,13507.0,253.67,2.929,1.094,257.693,-27.61,,,,,Carbon,2024-11-22 15:57:30,103348.0,,,-27.450049396489717,0.10790599028439925
790,22821_d15N-d13C_ACETANILIDE-0000.dxf,11/22/2024,16:06:46,102,Sample,ACETANILIDE,STANDARD,0.00065,0.0,3.0,N2,156.5,12.3835792,4544.0,3334.0,121.293,0.889,-1.28,,,,,,,122.182,,,,,,Nitrogen,2024-11-22 16:06:46,103904.0,-0.8414193889584339,0.2324034769558969,,
791,22821_d15N-d13C_ACETANILIDE-0000.dxf,11/22/2024,16:06:46,102,Sample,ACETANILIDE,STANDARD,0.00065,89.0,4.0,CO2,270.0,9.780286,,,,,,6242.0,7223.0,8979.0,163.994,1.891,0.708,166.593,-29.42,,,,,Carbon,2024-11-22 16:06:46,103904.0,,,-29.258443641439346,0.1086529899146063
798,22822_d15N-d13C_BL SEDIMENT-0000.dxf,11/22/2024,16:16:09,103,Sample,BL SEDIMENT,STANDARD,0.00887,0.0,3.0,N2,157.6,0.7766894,3854.0,2850.0,101.164,0.75,8.795,,,,,,,101.913,,,,,,Nitrogen,2024-11-22 16:16:09,104467.0,9.238570877591346,0.23397593746326195,,
799,22822_d15N-d13C_BL SEDIMENT-0000.dxf,11/22/2024,16:16:09,103,Sample,BL SEDIMENT,STANDARD,0.00887,89.0,4.0,CO2,269.6,4.0724451,,,,,,8652.0,10020.0,12439.0,236.441,2.725,1.02,240.186,-28.773,,,,,Carbon,2024-11-22 16:16:09,104467.0,,,-28.609817670048407,0.1094117219936163
