,FileHeader: Filename,Date,Time,Row,Type,Identifier 1,Identifier 2,Amount,Sample Dilution,Peak Nr.,Component,Rt,Amt%,Ampl. 28,Ampl. 29,Area 28,Area 29,d 15N/14N,Ampl. 44,Ampl. 45,Ampl. 46,Area 44,Area 45,Area 46,Area All,d 13C/12C,Peak Nr. Flash TCD,Rt Flash TCD,rArea Flash TCD,Amt% Flash TCD,Element Type,Datetime,Seconds Since Start,d 15N/14N_corr,d 15N/14N_se,d 13C/12C_corr,d 13C/12C_se,d15N(AIR) value,VPDB_d15N/14N,VPDB_d15N/14N_diff,VPDB_d15N/14N_se,d13C(VPDB) value,VPDB_d13C/12C,VPDB_d13C/12C_diff,VPDB_d13C/12C_se,sum_squared_error
112,22732_d15N-d13C_ACETANILIDE-0000.dxf,11/21/2024,13:49:50,13,Reference,ACETANILIDE,STANDARD,0.00081,0.0,3.0,N2,159.3,10.32,5346.0,3924.0,137.283,1.007,-0.935,,,,,,,138.29,,,,,,Nitrogen,2024-11-21 13:49:50,9288.0,-1.3350678079175968,0.2205236831555947,,,-1.282,-0.8647870377392989,-2.646987037739299,0.2788339790964742,,,,,0.35549835826805465
132,22735_d15N-d13C_ACETANILIDE-0000.dxf,11/21/2024,14:17:37,16,Start Reference Regression,ACETANILIDE,STANDARD,0.00061,0.0,3.0,N2,158.6,10.32,3420.0,2511.0,88.12,0.646,-0.975,,,,,,,88.766,,,,,,Nitrogen,2024-11-21 14:17:37,10955.0,-1.3602920098030609,0.2160960825493621,,,-1.282,-0.8887309007181666,-2.670930900718167,0.28034281004007233,,,,,0.3539627212494909
141,22736_d15N-d13C_ACETANILIDE-0000.dxf,11/21/2024,14:26:53,17,Add Reference Regression,ACETANILIDE,STANDARD,0.00094,89.0,4.0,CO2,273.0,71.06,,,,,,7837.0,9109.0,11251.0,213.733,2.472,0.921,217.126,-29.146,,,,,Carbon,2024-11-21 14:26:53,11511.0,,,-29.251279120520493,0.08426149506371904,,,,,-28.842,-28.736813379474917,-6.59391337947492,0.03240991482420723,0.09027957758699093
140,22736_d15N-d13C_ACETANILIDE-0000.dxf,11/21/2024,14:26:53,17,Add Reference Regression,ACETANILIDE,STANDARD,0.00094,0.0,3.0,N2,158.4,10.32,5759.0,4228.0,145.465,1.067,-0.975,,,,,,,146.532,,,,,,Nitrogen,2024-11-21 14:26:53,11511.0,-1.3553637891961734,0.21463670389191072,,,-1.282,-0.8840528284653059,-2.666252828465306,0.28004748898990933,,,,,0.35283921373217175
148,22737_d15N-d13C_ACETANILIDE-0000.dxf,11/21/2024,14:36:08,18,Add Reference Regression,ACETANILIDE,STANDARD,0.00085,0.0,3.0,N2,158.4,10.32,5280.0,3876.0,133.878,0.982,-0.944,,,,,,,134.86,,,,,,Nitrogen,2024-11-21 14:36:08,12066.0,-1.3194444322954129,0.2131889145956556,,,-1.282,-0.8499566789091738,-2.632156678909174,0.2779028508873623,,,,,0.35025634589225824
149,22737_d15N-d13C_ACETANILIDE-0000.dxf,11/21/2024,14:36:08,18,Add Reference Regression,ACETANILIDE,STANDARD,0.00085,89.0,4.0,CO2,273.6,71.06,,,,,,7228.0,8396.0,10375.0,196.217,2.27,0.845,199.332,-29.18,,,,,Carbon,2024-11-21 14:36:08,12066.0,,,-29.28367625351877,0.08363641933214945,,,,,-28.842,-28.769688307896025,-6.626788307896028,0.03248680849609781,0.08972426296696605
157,22738_d15N-d13C_ACETANILIDE-0000.dxf,11/21/2024,14:45:24,19,Add Reference Regression,ACETANILIDE,STANDARD,0.00071,89.0,4.0,CO2,274.8,71.06,,,,,,6426.0,7459.0,9226.0,173.594,2.008,0.748,176.35,-29.257,,,,,Carbon,2024-11-21 14:45:24,12622.0,,,-29.359070498468398,0.08301522198077249,,,,,-28.842,-28.84619447300065,-6.703294473000653,0.03266637325292184,0.08921109248303229
156,22738_d15N-d13C_ACETANILIDE-0000.dxf,11/21/2024,14:45:24,19,Add Reference Regression,ACETANILIDE,STANDARD,0.00071,0.0,3.0,N2,158.6,10.32,4663.0,3423.0,118.728,0.871,-0.957,,,,,,,119.598,,,,,,Nitrogen,2024-11-21 14:45:24,12622.0,-1.327516211688525,0.21174768183597598,,,-1.282,-0.8576187480863041,-2.6398187480863045,0.2783835878441723,,,,,0.3497634954421397
165,22739_d15N-d13C_SORGHUM-0000.dxf,11/21/2024,14:54:40,20,Sample,SORGHUM,STANDARD,0.00166,89.0,4.0,CO2,272.1,30.8771889,,,,,,8870.0,10443.0,12730.0,245.955,2.881,1.059,249.895,-14.709,,,,,Carbon,2024-11-21 14:54:40,13178.0,,,-14.809464743418024,0.08239914699864032,,,,,-13.78,-14.082010007107153,8.060889992892845,0.03229724818412845,0.08850272123709374
164,22739_d15N-d13C_SORGHUM-0000.dxf,11/21/2024,14:54:40,20,Sample,SORGHUM,STANDARD,0.00166,0.0,3.0,N2,159.5,1.846181,1628.0,1199.0,41.867,0.308,1.743,,,,,,,42.175,,,,,,Nitrogen,2024-11-21 14:54:40,13178.0,1.3774120089183628,0.21031581096639232,,,1.58,1.7100117750108956,-0.0721882249891046,0.18883515312463417,,,,,0.28265076578359966
173,22740_d15N-d13C_SORGHUM-0000.dxf,11/21/2024,15:03:56,21,Sample,SORGHUM,SAMPLE,0.00169,89.0,4.0,CO2,271.1,30.8929679,,,,,,8953.0,10541.0,12847.0,246.508,2.887,1.061,250.456,-14.365,,,,,Carbon,2024-11-21 15:03:56,13734.0,,,-14.463858988367651,0.08178831013942611,,,,,-13.78,-13.731307231654496,8.411592768345502,0.033123183764314765,0.08824099375090648
172,22740_d15N-d13C_SORGHUM-0000.dxf,11/21/2024,15:03:56,21,Sample,SORGHUM,SAMPLE,0.00169,0.0,3.0,N2,158.6,1.8357521,1664.0,1225.0,42.41,0.312,1.102,,,,,,,42.722,,,,,,Nitrogen,2024-11-21 15:03:56,13734.0,0.7413402295252505,0.20889349450162017,,,1.58,1.1062259506003413,-0.6759740493996589,0.19203697453552385,,,,,0.28375110860374775
181,22741_d15N-d13C_SORGHUM-0000.dxf,11/21/2024,15:13:11,22,Sample,SORGHUM,SAMPLE,0.00187,89.0,4.0,CO2,271.5,33.9919363,,,,,,9100.0,10707.0,13059.0,252.731,2.959,1.088,256.777,-14.448,,,,,Carbon,2024-11-21 15:13:11,14289.0,,,-14.54525612136593,0.08118391375514374,,,,,-13.78,-13.813904815864936,8.328995184135062,0.03292706055254252,0.08760718674420163
180,22741_d15N-d13C_SORGHUM-0000.dxf,11/21/2024,15:13:11,22,Sample,SORGHUM,SAMPLE,0.00187,0.0,3.0,N2,159.5,1.6820939,1676.0,1235.0,43.03,0.317,1.248,,,,,,,43.347,,,,,,Nitrogen,2024-11-21 15:13:11,14289.0,0.8922595864260108,0.20748346064613463,,,1.58,1.2494848897294726,-0.5327151102705276,0.19002445623546446,,,,,0.2813515246258318
189,22742_d15N-d13C_WHEAT FLOUR-0000.dxf,11/21/2024,15:22:27,23,Sample,WHEAT FLOUR,SAMPLE,0.0019,89.0,4.0,CO2,271.3,31.048594,,,,,,9072.0,10542.0,13020.0,250.334,2.893,1.078,254.305,-27.346,,,,,Carbon,2024-11-21 15:22:27,14845.0,,,-27.441650366315557,0.08058390039707627,,,,,-26.871,-26.900496080458574,-4.757596080458576,0.028408118404419747,0.08544463818453117
188,22742_d15N-d13C_WHEAT FLOUR-0000.dxf,11/21/2024,15:22:27,23,Sample,WHEAT FLOUR,SAMPLE,0.0019,0.0,3.0,N2,159.0,2.0034996,2067.0,1527.0,52.671,0.389,4.765,,,,,,,53.06,,,,,,Nitrogen,2024-11-21 15:22:27,14845.0,4.414187807032898,0.20608082840569175,,,4.631,4.592645839619199,2.8104458396191987,0.32076364159352794,,,,,0.3812592577298516
197,22743_d15N-d13C_BL SEDIMENT-0000.dxf,11/21/2024,15:31:43,24,Sample,BL SEDIMENT,SAMPLE,0.0092,89.0,4.0,CO2,271.7,7.0365146,,,,,,9109.0,10568.0,13073.0,253.381,2.925,1.091,257.396,-28.632,,,,,Carbon,2024-11-21 15:31:43,15401.0,,,-28.726044611265188,0.07998948716914003,,,,,-28.012,-28.203832671059047,-6.060932671059049,0.031186648483000016,0.08585409193034556
196,22743_d15N-d13C_BL SEDIMENT-0000.dxf,11/21/2024,15:31:43,24,Sample,BL SEDIMENT,SAMPLE,0.0092,0.0,3.0,N2,158.6,0.7560045,4070.0,3002.0,102.28,0.754,3.286,,,,,,,103.035,,,,,,Nitrogen,2024-11-21 15:31:43,15401.0,2.940116027639786,0.20468835177938638,,,3.035,3.19339551379844,1.4111955137984398,0.23487796080371343,,,,,0.31155252819624585
205,22744_d15N-d13C_MJS-24-006_Swamp Milkweed; leaf (F1)-0000.dxf,11/21/2024,16:15:22,25,Sample,MJS-24-006_Swamp Milkweed; leaf (F1),SAMPLE,0.00265,89.0,4.0,CO2,264.4,177.3810301,,,,,,13094.0,15195.0,18790.0,367.265,4.232,1.581,373.078,-31.201,,,,,Carbon,2024-11-21 16:15:22,18020.0,,,-31.28748081184625,0.07726871628668057,,,,,,-30.803045130810347,-8.66014513081035,0.03751422811983407,0.08589395687717782
204,22744_d15N-d13C_MJS-24-006_Swamp Milkweed; leaf (F1)-0000.dxf,11/21/2024,16:15:22,25,Sample,MJS-24-006_Swamp Milkweed; leaf (F1),SAMPLE,0.00265,0.0,3.0,N2,157.2,4.4712176,8199.0,6076.0,198.36,1.469,8.519,,,,,,,199.829,,,,,,Nitrogen,2024-11-21 16:15:22,18020.0,8.1963300739877,0.19827216523152683,,,,8.182812799816892,6.400612799816892,0.5962707211582516,,,,,0.6283714064279018
213,22745_d15N-d13C_MJS-24-006_Northern Pondweed; leaf (F2)-0000.dxf,11/21/2024,16:24:39,26,Sample,MJS-24-006_Northern Pondweed; leaf (F2),SAMPLE,0.00264,89.0,4.0,CO2,264.6,170.8117494,,,,,,12903.0,15075.0,18509.0,363.514,4.217,1.564,369.296,-24.11,,,,,Carbon,2024-11-21 16:24:39,18577.0,,,-24.194872168747224,0.07670776664625562,,,,,,-23.60583414694874,-1.4629341469487436,0.023334244729939987,0.08017835394277646
212,22745_d15N-d13C_MJS-24-006_Northern Pondweed; leaf (F2)-0000.dxf,11/21/2024,16:24:39,26,Sample,MJS-24-006_Northern Pondweed; leaf (F2),SAMPLE,0.00264,0.0,3.0,N2,157.0,4.4978778,8154.0,6085.0,198.953,1.484,15.58,,,,,,,200.436,,,,,,Nitrogen,2024-11-21 16:24:39,18577.0,15.262267158300714,0.19693942263414643,,,,14.890094565650944,13.107894565650945,1.1530801211388202,,,,,1.1697772873299375
222,22746_d15N-d13C_MJS-24-005_Maple; leaf (F3)-0000.dxf,11/21/2024,16:33:55,27,Sample,MJS-24-005_Maple; leaf (F3),SAMPLE,0.0028,89.0,4.0,CO2,263.3,338.8137283,,,,,,14990.0,17413.0,21497.0,443.505,5.116,1.908,450.529,-29.869,,,,,Carbon,2024-11-21 16:33:55,19133.0,,,-29.952266413696854,0.07615432250609457,,,,,,-29.448138887460637,-7.305238887460639,0.034107875373631476,0.08344356175802563
221,22746_d15N-d13C_MJS-24-005_Maple; leaf (F3)-0000.dxf,11/21/2024,16:33:55,27,Sample,MJS-24-005_Maple; leaf (F3),SAMPLE,0.0028,0.0,3.0,N2,158.2,2.413868,3943.0,2913.0,98.978,0.731,5.562,,,,,,,99.709,,,,,,Nitrogen,2024-11-21 16:33:55,19133.0,5.249195378907602,0.19562071950198975,,,,5.3852698036228475,3.603069803622847,0.37755838576276557,,,,,0.4252267636899887
229,22747_d15N-d13C_MJS-24-005_Water Moss; all (F4)-0000.dxf,11/21/2024,16:43:11,28,Sample,MJS-24-005_Water Moss; all (F4),SAMPLE,0.00258,0.0,3.0,N2,157.2,2.3187445,3496.0,2609.0,86.213,0.644,16.421,,,,,,,86.857,,,,,,Nitrogen,2024-11-21 16:43:11,19689.0,16.113123599514488,0.19431388970577199,,,,15.697762936512252,13.915562936512252,1.2210672731375876,,,,,1.2364316290277642
230,22747_d15N-d13C_MJS-24-005_Water Moss; all (F4)-0000.dxf,11/21/2024,16:43:11,28,Sample,MJS-24-005_Water Moss; all (F4),SAMPLE,0.00258,89.0,4.0,CO2,266.3,56.2326957,,,,,,10536.0,12104.0,15113.0,286.779,3.275,1.234,291.288,-39.269,,,,,Carbon,2024-11-21 16:43:11,19689.0,,,-39.350660658646476,0.07560751359911878,,,,,,-38.98514137754272,-16.84224137754272,0.06069939763848266,0.09695830540142276
238,22748_d15N-d13C_MJS-24-005_Black Walnut; leaf (F5)-0000.dxf,11/21/2024,16:52:27,29,Sample,MJS-24-005_Black Walnut; leaf (F5),SAMPLE,0.00259,89.0,4.0,CO2,264.8,194.2845912,,,,,,13173.0,15254.0,18893.0,373.555,4.295,1.607,379.457,-31.972,,,,,Carbon,2024-11-21 16:52:27,20245.0,,,-32.05205490359611,0.07506748492318373,,,,,,-31.578895220392294,-9.435995220392297,0.03954805752775726,0.08484795900262548
237,22748_d15N-d13C_MJS-24-005_Black Walnut; leaf (F5)-0000.dxf,11/21/2024,16:52:27,29,Sample,MJS-24-005_Black Walnut; leaf (F5),SAMPLE,0.00259,0.0,3.0,N2,157.8,2.2653746,3380.0,2499.0,84.367,0.625,7.19,,,,,,,84.992,,,,,,Nitrogen,2024-11-21 16:52:27,20245.0,6.8870518201213775,0.19301917440970287,,,,6.93999135182286,5.157791351822859,0.49686260420209083,,,,,0.5330373806256807
245,22749_d15N-d13C_MJS-24-005_Riverbank Grape; leaf (F6)-0000.dxf,11/21/2024,17:01:43,30,Sample,MJS-24-005_Riverbank Grape; leaf (F6),SAMPLE,0.00263,0.0,3.0,N2,157.6,2.5556084,3992.0,2951.0,98.348,0.727,5.878,,,,,,,99.076,,,,,,Nitrogen,2024-11-21 17:01:43,20801.0,5.579980040728265,0.19173681902578138,,,,5.699264381295064,3.917064381295064,0.40098330451440656,,,,,0.4444666672197349
246,22749_d15N-d13C_MJS-24-005_Riverbank Grape; leaf (F6)-0000.dxf,11/21/2024,17:01:43,30,Sample,MJS-24-005_Riverbank Grape; leaf (F6),SAMPLE,0.00263,89.0,4.0,CO2,263.8,253.437385,,,,,,13920.0,16164.0,19958.0,401.846,4.632,1.728,408.206,-29.384,,,,,Carbon,2024-11-21 17:01:43,20801.0,,,-29.462449148545737,0.07453438385414286,,,,,,-28.951097759403932,-6.808197759403935,0.032913973216554614,0.08147824255233287
254,22750_d15N-d13C_MJS-24-005_Curly-leaf Pondweed; leaf (F7)-0000.dxf,11/21/2024,17:10:59,31,Sample,MJS-24-005_Curly-leaf Pondweed; leaf (F7),SAMPLE,0.00291,89.0,4.0,CO2,264.0,187.5231567,,,,,,13486.0,15669.0,19333.0,381.299,4.398,1.64,387.337,-28.492,,,,,Carbon,2024-11-21 17:10:59,21357.0,,,-28.568843393495364,0.07400836009609875,,,,,,-28.044313037572678,-5.901413037572681,0.030829546820579014,0.08017292760824002
253,22750_d15N-d13C_MJS-24-005_Curly-leaf Pondweed; leaf (F7)-0000.dxf,11/21/2024,17:10:59,31,Sample,MJS-24-005_Curly-leaf Pondweed; leaf (F7),SAMPLE,0.00291,0.0,3.0,N2,158.8,3.1285628,5485.0,4092.0,140.717,1.051,15.529,,,,,,,141.767,,,,,,Nitrogen,2024-11-21 17:10:59,21357.0,15.235908261335153,0.19046707320046893,,,,14.865073602843744,13.082873602843744,1.1509755871633915,,,,,1.1666286933809176
262,22751_d15N-d13C_MJS-24-005_Silky Dogwood; leaf (F8)-0000.dxf,11/21/2024,17:20:15,32,Sample,MJS-24-005_Silky Dogwood; leaf (F8),SAMPLE,0.00268,89.0,4.0,CO2,264.2,332.9568582,,,,,,14716.0,17052.0,21093.0,435.755,5.012,1.873,442.64,-31.292,,,,,Carbon,2024-11-21 17:20:15,21913.0,,,-31.36723763844499,0.07348956562318046,,,,,,-30.883978217255617,-8.74107821725562,0.03772383180522161,0.08260631780652371
261,22751_d15N-d13C_MJS-24-005_Silky Dogwood; leaf (F8)-0000.dxf,11/21/2024,17:20:15,32,Sample,MJS-24-005_Silky Dogwood; leaf (F8),SAMPLE,0.00268,0.0,3.0,N2,158.2,2.1500412,3267.0,2427.0,82.679,0.615,11.743,,,,,,,83.294,,,,,,Nitrogen,2024-11-21 17:20:15,21913.0,11.45483648194204,0.1892101907934293,,,,11.275922794023765,9.493722794023766,0.850571607766078,,,,,0.8713624712126733
270,22752_d15N-d13C_MJS-24-010_Northern White Cedar; leaf (F9)-0000.dxf,11/21/2024,17:29:31,33,Sample,MJS-24-010_Northern White Cedar; leaf (F9),SAMPLE,0.00286,89.0,4.0,CO2,262.3,378.438077,,,,,,15575.0,18084.0,22317.0,461.056,5.312,1.982,468.35,-29.344,,,,,Carbon,2024-11-21 17:29:31,22469.0,,,-29.417631883394616,0.07297815461236659,,,,,,-28.9056195257605,-6.762719525760502,0.03280643753576252,0.08001295766570794
269,22752_d15N-d13C_MJS-24-010_Northern White Cedar; leaf (F9)-0000.dxf,11/21/2024,17:29:31,33,Sample,MJS-24-010_Northern White Cedar; leaf (F9),SAMPLE,0.00286,0.0,3.0,N2,157.8,1.3005838,2042.0,1503.0,51.39,0.379,2.895,,,,,,,51.769,,,,,,Nitrogen,2024-11-21 17:29:31,22469.0,2.6117647025489283,0.18796642984779124,,,,2.881710760694884,1.0995107606948837,0.22003156400761043,,,,,0.2893877466468817
278,22753_d15N-d13C_MJS-24-010_Giant Goldenrod; leaf (F10)-0000.dxf,11/21/2024,17:38:47,34,Sample,MJS-24-010_Giant Goldenrod; leaf (F10),SAMPLE,0.0028,89.0,4.0,CO2,262.5,282.9445819,,,,,,14727.0,17048.0,21098.0,421.339,4.84,1.811,427.989,-32.533,,,,,Carbon,2024-11-21 17:38:47,23025.0,,,-32.60502612834424,0.07247428336687459,,,,,,-32.14002170752606,-9.997121707526063,0.04105035057597914,0.08329257489087984
277,22753_d15N-d13C_MJS-24-010_Giant Goldenrod; leaf (F10)-0000.dxf,11/21/2024,17:38:47,34,Sample,MJS-24-010_Giant Goldenrod; leaf (F10),SAMPLE,0.0028,0.0,3.0,N2,157.6,1.9392601,3160.0,2330.0,77.413,0.572,4.167,,,,,,,77.984,,,,,,Nitrogen,2024-11-21 17:38:47,23025.0,3.8886929231558156,0.1867360525513725,,,,4.093824209789966,2.311624209789966,0.2874231753927149,,,,,0.3427571079865453
286,22754_d15N-d13C_MJS-24-010_Colts Foot; leaf (F11)-0000.dxf,11/21/2024,17:48:04,35,Sample,MJS-24-010_Colts Foot; leaf (F11),SAMPLE,0.0026,89.0,4.0,CO2,264.0,194.5994109,,,,,,13226.0,15276.0,18946.0,374.082,4.289,1.608,379.979,-34.421,,,,,Carbon,2024-11-21 17:48:04,23582.0,,,-34.491417485245215,0.07197722486319463,,,,,,-34.054233710039284,-11.911333710039287,0.04633569942539476,0.08560209074694036
285,22754_d15N-d13C_MJS-24-010_Colts Foot; leaf (F11)-0000.dxf,11/21/2024,17:48:04,35,Sample,MJS-24-010_Colts Foot; leaf (F11),SAMPLE,0.0026,0.0,3.0,N2,157.2,3.9906633,6819.0,5034.0,165.954,1.226,4.367,,,,,,,167.179,,,,,,Nitrogen,2024-11-21 17:48:04,23582.0,4.093630007468831,0.18551714928882285,,,,4.2883590255340165,2.506159025534016,0.3001494579857679,,,,,0.35285451649284816
293,22755_d15N-d13C_MJS-24-010_Eastern Hemlock; leaf (F12)-0000.dxf,11/21/2024,17:57:20,36,Sample,MJS-24-010_Eastern Hemlock; leaf (F12),SAMPLE,0.0028,0.0,3.0,N2,157.8,1.5264795,2383.0,1755.0,59.635,0.44,3.105,,,,,,,60.075,,,,,,Nitrogen,2024-11-21 17:57:20,24138.0,2.836558228075719,0.1843143674632694,,,,3.0950941374292644,1.3128941374292642,0.22996767975941595,,,,,0.2947149805953447
294,22755_d15N-d13C_MJS-24-010_Eastern Hemlock; leaf (F12)-0000.dxf,11/21/2024,17:57:20,36,Sample,MJS-24-010_Eastern Hemlock; leaf (F12),SAMPLE,0.0028,89.0,4.0,CO2,262.7,320.2006978,,,,,,14863.0,17192.0,21284.0,436.358,5.009,1.875,443.241,-33.305,,,,,Carbon,2024-11-21 17:57:20,24138.0,,,-33.373811730194845,0.07148892439930687,,,,,,-32.9201454188854,-10.7772454188854,0.043176938854529674,0.08351595273130523
302,22756_d15N-d13C_SORGHUM-0000.dxf,11/21/2024,18:06:36,37,Sample,SORGHUM,STANDARD,0.00182,89.0,4.0,CO2,268.1,32.4966936,,,,,,9234.0,10851.0,13230.0,250.386,2.927,1.076,254.389,-14.324,,,,,Carbon,2024-11-21 18:06:36,24694.0,,,-14.391205975144471,0.07100864474347862,,,,,-13.78,-13.65758272617381,8.485317273826187,0.03329904526527453,0.07842865575721897
310,22757_d15N-d13C_WHEAT FLOUR-0000.dxf,11/21/2024,18:15:52,38,Sample,WHEAT FLOUR,STANDARD,0.00208,89.0,4.0,CO2,266.9,59.4529139,,,,,,10193.0,11833.0,14600.0,279.027,3.221,1.199,283.447,-27.465,,,,,Carbon,2024-11-21 18:15:52,25250.0,,,-27.530600220094097,0.07053654973568035,,,,,-26.871,-26.99075777355942,-4.847857773559422,0.0285895234783921,0.07611022074160369
309,22757_d15N-d13C_WHEAT FLOUR-0000.dxf,11/21/2024,18:15:52,38,Sample,WHEAT FLOUR,STANDARD,0.00208,0.0,3.0,N2,157.6,2.0619577,2393.0,1773.0,59.853,0.444,9.174,,,,,,,60.298,,,,,,Nitrogen,2024-11-21 18:15:52,25250.0,8.915414669289493,0.18195166712335814,,,4.631,8.865397846443981,7.083197846443981,0.6517467853915198,,,,,0.676668516658747
318,22758_d15N-d13C_MJS-24-010_Riparian Grass; leaf (G1)-0000.dxf,11/21/2024,18:25:08,39,Sample,MJS-24-010_Riparian Grass; leaf (G1),SAMPLE,0.00288,89.0,4.0,CO2,264.0,256.5311772,,,,,,14252.0,16474.0,20405.0,413.27,4.742,1.775,419.787,-33.75,,,,,Carbon,2024-11-21 18:25:08,25806.0,,,-33.81399446504373,0.07007280480111722,,,,,,-33.36682000274858,-11.223920002748585,0.044412265799303956,0.08296172205374898
317,22758_d15N-d13C_MJS-24-010_Riparian Grass; leaf (G1)-0000.dxf,11/21/2024,18:25:08,39,Sample,MJS-24-010_Riparian Grass; leaf (G1),SAMPLE,0.00288,0.0,3.0,N2,157.6,1.0475827,1667.0,1231.0,41.182,0.305,5.599,,,,,,,41.486,,,,,,Nitrogen,2024-11-21 18:25:08,25806.0,5.345342889896383,0.18079230877285632,,,,5.476537025449248,3.694337025449247,0.38432214630225947,,,,,0.4247226990046507
326,22759_d15N-d13C_MJS-24-010_Curly-leaf Pondweed; leaf (G2)-0000.dxf,11/21/2024,18:34:25,40,Sample,MJS-24-010_Curly-leaf Pondweed; leaf (G2),SAMPLE,0.0029,89.0,4.0,CO2,265.2,161.6268168,,,,,,12973.0,15013.0,18574.0,367.021,4.217,1.576,372.815,-32.224,,,,,Carbon,2024-11-21 18:34:25,26363.0,,,-32.2863858219447,0.06961676582592768,,,,,,-31.81668206924625,-9.673782069246254,0.040181682380115394,0.08038072954980273
325,22759_d15N-d13C_MJS-24-010_Curly-leaf Pondweed; leaf (G2)-0000.dxf,11/21/2024,18:34:25,40,Sample,MJS-24-010_Curly-leaf Pondweed; leaf (G2),SAMPLE,0.0029,0.0,3.0,N2,157.8,2.0179631,3422.0,2522.0,84.125,0.621,3.7,,,,,,,84.745,,,,,,Nitrogen,2024-11-21 18:34:25,26363.0,3.451279974209398,0.17964594689548735,,,,3.67861362107394,1.89641362107394,0.2617103644663019,,,,,0.317435002961332
334,22760_d15N-d13C_MJS-24-010_Willow; leaf (G3)-0000.dxf,11/21/2024,18:43:41,41,Sample,MJS-24-010_Willow; leaf (G3),SAMPLE,0.00285,89.0,4.0,CO2,264.8,361.2605476,,,,,,15143.0,17544.0,21682.0,454.282,5.224,1.951,461.457,-31.302,,,,,Carbon,2024-11-21 18:43:41,26919.0,,,-31.362780066894327,0.06917023870127093,,,,,,-30.879454905095006,-8.736554905095009,0.03771210068683002,0.07878276753328994
333,22760_d15N-d13C_MJS-24-010_Willow; leaf (G3)-0000.dxf,11/21/2024,18:43:41,41,Sample,MJS-24-010_Willow; leaf (G3),SAMPLE,0.00285,0.0,3.0,N2,158.2,2.5826901,4371.0,3245.0,109.192,0.812,11.013,,,,,,,110.004,,,,,,Nitrogen,2024-11-21 18:43:41,26919.0,10.769208194816285,0.17851698736763452,,,,10.625095868521115,8.842895868521115,0.7965554838106229,,,,,0.8163142492738882
341,22761_d15N-d13C_MJS-24-011_Ash; leaf (G4)-0000.dxf,11/21/2024,18:52:57,42,Sample,MJS-24-011_Ash; leaf (G4),SAMPLE,0.00289,0.0,3.0,N2,157.6,2.7912163,4919.0,3638.0,121.593,0.9,7.064,,,,,,,122.494,,,,,,Nitrogen,2024-11-21 18:52:57,27475.0,6.825136415423174,0.17740365115961307,,,,6.881218671002015,5.099018671002015,0.49222931948374166,,,,,0.523222475056442
342,22761_d15N-d13C_MJS-24-011_Ash; leaf (G4)-0000.dxf,11/21/2024,18:52:57,42,Sample,MJS-24-011_Ash; leaf (G4),SAMPLE,0.00289,89.0,4.0,CO2,262.3,351.2118191,,,,,,15458.0,17934.0,22130.0,452.37,5.207,1.943,459.519,-30.367,,,,,Carbon,2024-11-21 18:52:57,27475.0,,,-30.426174311843955,0.06873256625277684,,,,,,-29.929036015938426,-7.786136015938428,0.03529320093223569,0.07726432356356663
349,22762_d15N-d13C_MJS-24-011_Riparian Grass; leaf (G5)-0000.dxf,11/21/2024,19:02:13,43,Sample,MJS-24-011_Riparian Grass; leaf (G5),SAMPLE,0.00294,0.0,3.0,N2,158.0,1.9395642,3300.0,2445.0,81.726,0.607,9.741,,,,,,,82.333,,,,,,Nitrogen,2024-11-21 19:02:13,28031.0,9.50706463603006,0.1763062342454537,,,,9.427016636184614,7.644816636184614,0.6977238252861587,,,,,0.7196543785774967
350,22762_d15N-d13C_MJS-24-011_Riparian Grass; leaf (G5)-0000.dxf,11/21/2024,19:02:13,43,Sample,MJS-24-011_Riparian Grass; leaf (G5),SAMPLE,0.00294,89.0,4.0,CO2,264.2,275.7084499,,,,,,14324.0,16666.0,20508.0,424.021,4.898,1.821,430.74,-26.719,,,,,Carbon,2024-11-21 19:02:13,28031.0,,,-26.776568556793585,0.06830391869553847,,,,,,-26.225605592976866,-4.082705592976868,0.027111443380200908,0.0734877926687458
357,22763_d15N-d13C_MJS-24-011_Pondweed; leaf (G6)-0000.dxf,11/21/2024,19:11:29,44,Sample,MJS-24-011_Pondweed; leaf (G6),SAMPLE,0.00311,0.0,3.0,N2,157.4,3.7227014,7959.0,5865.0,192.09,1.416,2.778,,,,,,,193.507,,,,,,Nitrogen,2024-11-21 19:11:29,28587.0,2.548992856636949,0.1752250357282585,,,,2.8221251102044653,1.039925110204465,0.21744782683628885,,,,,0.27926218960287863
358,22763_d15N-d13C_MJS-24-011_Pondweed; leaf (G6)-0000.dxf,11/21/2024,19:11:29,44,Sample,MJS-24-011_Pondweed; leaf (G6),SAMPLE,0.00311,89.0,4.0,CO2,263.5,223.4008486,,,,,,14155.0,16372.0,20268.0,406.39,4.666,1.746,412.802,-32.866,,,,,Carbon,2024-11-21 19:11:29,28587.0,,,-32.921962801743206,0.06788446698924515,,,,,,-32.46163258749404,-10.31873258749404,0.0419220026969484,0.07978568272902642
366,22764_d15N-d13C_MJS-24-011_Filamentous algae; all (G7)-0000.dxf,11/21/2024,19:20:44,45,Sample,MJS-24-011_Filamentous algae; all (G7),SAMPLE,0.003,89.0,4.0,CO2,268.4,19.6173765,,,,,,9172.0,10655.0,13138.0,250.26,2.893,1.075,254.228,-25.969,,,,,Carbon,2024-11-21 19:20:44,29142.0,,,-26.02335993474149,0.06747511168136568,,,,,,-25.461288591918706,-3.3183885919187084,0.025784323364481904,0.07223380114445686
365,22764_d15N-d13C_MJS-24-011_Filamentous algae; all (G7)-0000.dxf,11/21/2024,19:20:44,45,Sample,MJS-24-011_Filamentous algae; all (G7),SAMPLE,0.003,0.0,3.0,N2,157.4,1.7958012,3092.0,2293.0,76.74,0.57,10.587,,,,,,,77.31,,,,,,Nitrogen,2024-11-21 19:20:44,29142.0,10.362912213537708,0.1741622575397441,,,,10.239422801489212,8.457222801489213,0.764645579228415,,,,,0.7842291462225174
373,22765_d15N-d13C_MJS-24-012_Sedge; leaf (G8)-0000.dxf,11/21/2024,19:30:01,46,Sample,MJS-24-012_Sedge; leaf (G8),SAMPLE,0.00274,0.0,3.0,N2,157.4,3.2062543,5562.0,4134.0,134.713,1.003,12.226,,,,,,,135.716,,,,,,Nitrogen,2024-11-21 19:30:01,29699.0,12.006849297850724,0.1731125048620105,,,,11.79991634936845,10.01771634936845,0.8941920427651435,,,,,0.9107948993511655
374,22765_d15N-d13C_MJS-24-012_Sedge; leaf (G8)-0000.dxf,11/21/2024,19:30:01,46,Sample,MJS-24-012_Sedge; leaf (G8),SAMPLE,0.00274,89.0,4.0,CO2,263.8,253.5759684,,,,,,14068.0,16317.0,20145.0,406.381,4.679,1.746,412.805,-29.969,,,,,Carbon,2024-11-21 19:30:01,29699.0,,,-30.021751291642463,0.06707383743477577,,,,,,-29.518648533759674,-7.375748533759676,0.03427988572908436,0.07532602627130817
381,22766_d15N-d13C_MJS-24-012_Aquatic Coontail; leaf (G9)-0000.dxf,11/21/2024,19:39:17,47,Sample,MJS-24-012_Aquatic Coontail; leaf (G9),SAMPLE,0.00262,0.0,3.0,N2,157.4,1.5484298,2240.0,1664.0,56.379,0.42,12.899,,,,,,,56.799,,,,,,Nitrogen,2024-11-21 19:39:17,30255.0,12.684777518457611,0.17208178468702912,,,,12.443434051035473,10.661234051035473,0.9478967412168905,,,,,0.963390041795468
382,22766_d15N-d13C_MJS-24-012_Aquatic Coontail; leaf (G9)-0000.dxf,11/21/2024,19:39:17,47,Sample,MJS-24-012_Aquatic Coontail; leaf (G9),SAMPLE,0.00262,89.0,4.0,CO2,272.1,5.4120557,,,,,,5825.0,6727.0,8351.0,153.843,1.77,0.661,156.275,-30.672,,,,,Carbon,2024-11-21 19:39:17,30255.0,,,-30.72314553659209,0.06668300329763464,,,,,,-30.23038699527488,-8.087486995274883,0.03604979506577132,0.07580376410889147
390,22767_d15N-d13C_MJS-24-012_Filamentous algae; all (G10)-0000.dxf,11/21/2024,19:48:33,48,Sample,MJS-24-012_Filamentous algae; all (G10),SAMPLE,0.00264,89.0,4.0,CO2,267.5,42.8831661,,,,,,10085.0,11712.0,14454.0,275.018,3.175,1.182,279.375,-27.322,,,,,Carbon,2024-11-21 19:48:33,30811.0,,,-27.371539781541713,0.06630205195264165,,,,,,-26.82935149935861,-4.686451499358611,0.02826640620456299,0.07207601412989031
389,22767_d15N-d13C_MJS-24-012_Filamentous algae; all (G10)-0000.dxf,11/21/2024,19:48:33,48,Sample,MJS-24-012_Filamentous algae; all (G10),SAMPLE,0.00264,0.0,3.0,N2,157.4,2.61298,4130.0,3065.0,101.313,0.754,12.0,,,,,,,102.067,,,,,,Nitrogen,2024-11-21 19:48:33,30811.0,11.7907057390645,0.17106850682008098,,,,11.594743881322016,9.812543881322016,0.877099589524194,,,,,0.8936263894766994
398,22768_d15N-d13C_MJS-24-012_Willow; leaf (G11)-0000.dxf,11/21/2024,19:57:50,49,Sample,MJS-24-012_Willow; leaf (G11),SAMPLE,0.00254,89.0,4.0,CO2,264.4,307.3620217,,,,,,13996.0,16228.0,20051.0,419.605,4.833,1.803,426.241,-29.789,,,,,Carbon,2024-11-21 19:57:50,31368.0,,,-29.836931138442694,0.06593049678788526,,,,,,-29.33110263864778,-7.188202638647784,0.033823773308826036,0.07410045915879471
397,22768_d15N-d13C_MJS-24-012_Willow; leaf (G11)-0000.dxf,11/21/2024,19:57:50,49,Sample,MJS-24-012_Willow; leaf (G11),SAMPLE,0.00254,0.0,3.0,N2,158.0,3.0399741,4524.0,3332.0,115.48,0.85,0.821,,,,,,,116.33,,,,,,Nitrogen,2024-11-21 19:57:50,31368.0,0.6166428233775152,0.17007120869247058,,,,0.9878579792298708,-0.7943420207701294,0.19426428827122147,,,,,0.25819145943203103
406,22769_d15N-d13C_MJS-24-012_Honeysuckle; leaf (G12)-0000.dxf,11/21/2024,20:07:06,50,Sample,MJS-24-012_Honeysuckle; leaf (G12),SAMPLE,0.00294,89.0,4.0,CO2,263.3,243.0354508,,,,,,14312.0,16555.0,20498.0,409.502,4.7,1.759,415.961,-33.293,,,,,Carbon,2024-11-21 20:07:06,31924.0,,,-33.33932538339232,0.06556984280050673,,,,,,-32.88515046477329,-10.742250464773292,0.04308067537574482,0.07845603148078209
405,22769_d15N-d13C_MJS-24-012_Honeysuckle; leaf (G12)-0000.dxf,11/21/2024,20:07:06,50,Sample,MJS-24-012_Honeysuckle; leaf (G12),SAMPLE,0.00294,0.0,3.0,N2,157.6,2.4159877,4307.0,3179.0,104.784,0.775,6.424,,,,,,,105.559,,,,,,Nitrogen,2024-11-21 20:07:06,31924.0,6.224571043984403,0.1690937853118391,,,,6.311137007808965,4.528937007808964,0.4477097294494227,,,,,0.47857779939604556
414,22770_d15N-d13C_SORGHUM-0000.dxf,11/21/2024,20:16:22,51,Sample,SORGHUM,STANDARD,0.00189,89.0,4.0,CO2,267.7,47.4260422,,,,,,9717.0,11418.0,13923.0,265.199,3.099,1.14,269.437,-14.54,,,,,Carbon,2024-11-21 20:16:22,32480.0,,,-14.584719628341944,0.06521958346111845,,,,,-13.78,-13.85395033369367,8.288949666306328,0.032832323524132935,0.07301750156527631
422,22771_d15N-d13C_WHEAT FLOUR-0000.dxf,11/21/2024,20:25:38,52,Sample,WHEAT FLOUR,STANDARD,0.00214,89.0,4.0,CO2,267.3,51.5553961,,,,,,10049.0,11667.0,14402.0,273.881,3.161,1.177,278.219,-27.56,,,,,Carbon,2024-11-21 20:25:38,33036.0,,,-27.60311387329157,0.06487988711899273,,,,,-26.871,-27.06434086372196,-4.921440863721962,0.02873872186301384,0.07095994565170487
421,22771_d15N-d13C_WHEAT FLOUR-0000.dxf,11/21/2024,20:25:38,52,Sample,WHEAT FLOUR,STANDARD,0.00214,0.0,3.0,N2,158.0,1.911783,2291.0,1698.0,56.891,0.424,13.217,,,,,,,57.315,,,,,,Nitrogen,2024-11-21 20:25:38,33036.0,13.02742748519818,0.16719440484160952,,,4.631,12.768691670309352,10.986491670309352,0.9750902255918281,,,,,0.9893204319405631
429,22772_d15N-d13C_MJS-24-012_Queen Anne's Lace; leaf (H1)-0000.dxf,11/21/2024,20:34:54,53,Sample,MJS-24-012_Queen Anne's Lace; leaf (H1),SAMPLE,0.00275,0.0,3.0,N2,157.6,2.6970604,4459.0,3292.0,110.167,0.815,6.576,,,,,,,110.982,,,,,,Nitrogen,2024-11-21 20:34:54,33592.0,6.391355705805066,0.1662730813590259,,,,6.469455955133599,4.687255955133598,0.45999046698772394,,,,,0.48911958384858156
430,22772_d15N-d13C_MJS-24-012_Queen Anne's Lace; leaf (H1)-0000.dxf,11/21/2024,20:34:54,53,Sample,MJS-24-012_Queen Anne's Lace; leaf (H1),SAMPLE,0.00275,89.0,4.0,CO2,264.0,196.8721728,,,,,,13394.0,15490.0,19189.0,380.551,4.369,1.635,386.555,-32.913,,,,,Carbon,2024-11-21 20:34:54,33592.0,,,-32.95450811824119,0.06455092053625182,,,,,,-32.49465788483657,-10.351757884836573,0.04201192207390368,0.07701832858755929
438,22773_d15N-d13C_MJS-24-012_Riparian Grass; leaf (H2)-0000.dxf,11/22/2024,8:25:51,54,Sample,MJS-24-012_Riparian Grass; leaf (H2),SAMPLE,0.00269,89.0,4.0,CO2,266.5,118.7759659,,,,,,11452.0,13314.0,16408.0,335.445,3.876,1.442,340.762,-31.937,,,,,Carbon,2024-11-22 08:25:51,76249.0,,,-31.855312626903498,0.07561655563298862,,,,,,-31.37925137338831,-9.236351373388313,0.039019652858140116,0.08509052118166056
437,22773_d15N-d13C_MJS-24-012_Riparian Grass; leaf (H2)-0000.dxf,11/22/2024,8:25:51,54,Sample,MJS-24-012_Riparian Grass; leaf (H2),SAMPLE,0.00269,0.0,3.0,N2,158.2,1.9995664,3067.0,2275.0,76.607,0.568,7.605,,,,,,,77.174,,,,,,Nitrogen,2024-11-22 08:25:51,76249.0,7.7984548180856645,0.16793360271002716,,,,7.805133036022656,6.022933036022655,0.5658102085154337,,,,,0.5902058005301607
446,22774_d15N-d13C_MJS-24-013_Filamentous algae; all (H3)-0000.dxf,11/22/2024,8:38:54,55,Sample,MJS-24-013_Filamentous algae; all (H3),SAMPLE,0.00313,89.0,4.0,CO2,266.9,49.2313017,,,,,,10520.0,12204.0,15064.0,289.827,3.342,1.245,294.414,-33.656,,,,,Carbon,2024-11-22 08:38:54,77032.0,,,-33.57205128480918,0.0763886841275598,,,,,,-33.121308625781694,-10.978408625781697,0.04373177991684074,0.08802101815722822
445,22774_d15N-d13C_MJS-24-013_Filamentous algae; all (H3)-0000.dxf,11/22/2024,8:38:54,55,Sample,MJS-24-013_Filamentous algae; all (H3),SAMPLE,0.00313,0.0,3.0,N2,157.8,2.5085801,4698.0,3469.0,117.775,0.869,3.83,,,,,,,118.644,,,,,,Nitrogen,2024-11-22 08:38:54,77032.0,4.030395099983493,0.1692839637055384,,,,4.228333817712364,2.4461338177123633,0.2961819254129288,,,,,0.3411462931194882
453,22775_d15N-d13C_MJS-24-013_Sensitive Fern; leaf (H4)-0000.dxf,11/22/2024,8:48:11,56,Sample,MJS-24-013_Sensitive Fern; leaf (H4),SAMPLE,0.00274,0.0,3.0,N2,158.2,1.7562179,2571.0,1889.0,67.807,0.498,-0.607,,,,,,,68.305,,,,,,Nitrogen,2024-11-22 08:48:11,77589.0,-0.4016678157034914,0.17026673470993842,,,,0.02123510954337804,-1.7609648904566222,0.22888513313725156,,,,,0.28527033690876785
454,22775_d15N-d13C_MJS-24-013_Sensitive Fern; leaf (H4)-0000.dxf,11/22/2024,8:48:11,56,Sample,MJS-24-013_Sensitive Fern; leaf (H4),SAMPLE,0.00274,89.0,4.0,CO2,265.2,235.1147215,,,,,,13390.0,15597.0,19162.0,398.186,4.607,1.71,404.503,-29.671,,,,,Carbon,2024-11-22 08:48:11,77589.0,,,-29.585442641710152,0.07694591057428533,,,,,,-29.075905170117014,-6.933005170117017,0.03321059391164393,0.08380702060131977
462,22776_d15N-d13C_MJS-24-013_Sugar Maple; leaf (H5)-0000.dxf,11/22/2024,8:59:09,57,Sample,MJS-24-013_Sugar Maple; leaf (H5),SAMPLE,0.00296,89.0,4.0,CO2,273.8,398.8033112,,,,,,14993.0,17432.0,21455.0,473.249,5.462,2.031,480.742,-30.637,,,,,Carbon,2024-11-22 08:59:09,78247.0,,,-30.5495423056973,0.07761248491716975,,,,,,-30.054223450505564,-7.9113234505055665,0.035606267917752524,0.08539030466070885
487,22780_d15N-d13C_MJS-24-013_Ash; leaf (H6)-0000.dxf,11/22/2024,9:40:44,61,Sample,MJS-24-013_Ash; leaf (H6),SAMPLE,0.00286,89.0,4.0,CO2,262.1,406.8157495,,,,,,16011.0,18627.0,22920.0,471.176,5.438,2.023,478.638,-29.177,,,,,Carbon,2024-11-22 09:40:44,80742.0,,,-29.082336624311182,0.0802178682226907,,,,,,-28.565379306266646,-6.4224793062666485,0.032011577088977124,0.08636925060411543
486,22780_d15N-d13C_MJS-24-013_Ash; leaf (H6)-0000.dxf,11/22/2024,9:40:44,61,Sample,MJS-24-013_Ash; leaf (H6),SAMPLE,0.00286,0.0,3.0,N2,157.6,2.5941187,4545.0,3355.0,110.209,0.813,4.466,,,,,,,111.022,,,,,,Nitrogen,2024-11-22 09:40:44,80742.0,4.699279449716504,0.17616139153463342,,,,4.863266700482601,3.0810667004826007,0.33971120323952925,,,,,0.382670272524359
494,22781_d15N-d13C_MJS-24-013_Eastern Black Walnut; leaf (H7)-0000.dxf,11/22/2024,9:50:01,62,Sample,MJS-24-013_Eastern Black Walnut; leaf (H7),SAMPLE,0.00298,0.0,3.0,N2,157.6,2.9263673,5400.0,3969.0,133.524,0.981,0.903,,,,,,,134.505,,,,,,Nitrogen,2024-11-22 09:50:01,81299.0,1.1412165340295188,0.177258651593521,,,,1.4858051930684124,-0.2963948069315878,0.18839570108007772,,,,,0.2586765736401487
495,22781_d15N-d13C_MJS-24-013_Eastern Black Walnut; leaf (H7)-0000.dxf,11/22/2024,9:50:01,62,Sample,MJS-24-013_Eastern Black Walnut; leaf (H7),SAMPLE,0.00298,89.0,4.0,CO2,262.7,404.6720418,,,,,,15857.0,18432.0,22693.0,476.333,5.495,2.045,483.873,-29.907,,,,,Carbon,2024-11-22 09:50:01,81299.0,,,-29.81072798121216,0.08081553220649423,,,,,,-29.304513035228037,-7.16161303522804,0.03375947715727843,0.08758340335789487
503,22782_d15N-d13C_MJS-24-013_Japanese Knotweed; leaf (H8)-0000.dxf,11/22/2024,10:01:08,63,Sample,MJS-24-013_Japanese Knotweed; leaf (H8),SAMPLE,0.00305,96.0,4.0,CO2,264.6,171.6944942,,,,,,4346.0,5051.0,6219.0,137.207,1.584,0.589,139.379,-29.145,,,,,Carbon,2024-11-22 10:01:08,81966.0,,,-29.04680165276144,0.08153854747779482,,,,,,-28.529320262208454,-6.386420262208457,0.031928366002291646,0.08756686177067723
502,22782_d15N-d13C_MJS-24-013_Japanese Knotweed; leaf (H8)-0000.dxf,11/22/2024,10:01:08,63,Sample,MJS-24-013_Japanese Knotweed; leaf (H8),SAMPLE,0.00305,0.0,3.0,N2,157.8,1.9173766,3214.0,2379.0,84.055,0.625,12.03,,,,,,,84.679,,,,,,Nitrogen,2024-11-22 10:01:08,81966.0,12.274128626016559,0.1785936524072586,,,,12.0536290194361,10.2714290194361,0.9153491743380657,,,,,0.9326091376571127
511,22783_d15N-d13C_MJS-24-007_Slender Naiad; leaf (H9)-0000.dxf,11/22/2024,10:10:24,64,Sample,MJS-24-007_Slender Naiad; leaf (H9),SAMPLE,0.00289,96.0,4.0,CO2,270.0,1.1716909,,,,,,2299.0,2683.0,3291.0,61.605,0.716,0.264,62.584,-22.148,,,,,Carbon,2024-11-22 10:10:24,82522.0,,,-22.048195897711068,0.0821471950763016,,,,,,-21.42749852825799,0.715401471742009,0.022219652792012812,0.08509920463260248
510,22783_d15N-d13C_MJS-24-007_Slender Naiad; leaf (H9)-0000.dxf,11/22/2024,10:10:24,64,Sample,MJS-24-007_Slender Naiad; leaf (H9),SAMPLE,0.00289,0.0,3.0,N2,157.6,2.0759809,3459.0,2579.0,86.493,0.644,10.003,,,,,,,87.137,,,,,,Nitrogen,2024-11-22 10:10:24,82522.0,10.252056846623447,0.17972366899242337,,,,10.134194270258785,8.351994270258785,0.7559536190876635,,,,,0.7770241125009149
519,22784_d15N-d13C_MJS-24-007_Filamentous algae; all (H10)-0000.dxf,11/22/2024,10:19:41,65,Sample,MJS-24-007_Filamentous algae; all (H10),SAMPLE,0.00267,96.0,4.0,CO2,267.9,0.7523669,,,,,,2684.0,3108.0,3842.0,72.374,0.833,0.31,73.517,-31.184,,,,,Carbon,2024-11-22 10:19:41,83079.0,,,-31.082587254612044,0.08276223803155407,,,,,,-30.595129787548974,-8.452229787548976,0.03697867896812723,0.09064772883100508
518,22784_d15N-d13C_MJS-24-007_Filamentous algae; all (H10)-0000.dxf,11/22/2024,10:19:41,65,Sample,MJS-24-007_Filamentous algae; all (H10),SAMPLE,0.00267,0.0,3.0,N2,157.4,2.3955295,3744.0,2775.0,92.956,0.691,10.931,,,,,,,93.647,,,,,,Nitrogen,2024-11-22 10:19:41,83079.0,11.18499393093646,0.18087106989517468,,,,11.019777006082345,9.237577006082345,0.8292893020849147,,,,,0.8487844782260748
526,22785_d15N-d13C_MJS-24-007_Ribbon-leaved Pondweed; leaf (H11)-0000.dxf,11/22/2024,10:28:57,66,Sample,MJS-24-007_Ribbon-leaved Pondweed; leaf (H11),SAMPLE,0.00278,0.0,3.0,N2,157.2,2.8499063,4833.0,3595.0,119.025,0.885,10.648,,,,,,,119.91,,,,,,Nitrogen,2024-11-22 10:28:57,83635.0,10.906922151543348,0.18203144574866198,,,,10.75581969182078,8.97361969182078,0.8073890353791625,,,,,0.8276548203761291
527,22785_d15N-d13C_MJS-24-007_Ribbon-leaved Pondweed; leaf (H11)-0000.dxf,11/22/2024,10:28:57,66,Sample,MJS-24-007_Ribbon-leaved Pondweed; leaf (H11),SAMPLE,0.00278,96.0,4.0,CO2,267.5,4.6785039,,,,,,2882.0,3372.0,4125.0,78.74,0.916,0.338,79.994,-20.928,,,,,Carbon,2024-11-22 10:28:57,83635.0,,,-20.824981499561673,0.08338135098422392,,,,,,-20.186244069569597,1.9566559304304008,0.022550022137051384,0.08637680933176362
534,22786_d15N-d13C_MJS-24-007_Ribbon-leaved Pondweed; leaf (H12)-0000.dxf,11/22/2024,10:38:13,67,Sample,MJS-24-007_Ribbon-leaved Pondweed; leaf (H12),SAMPLE,0.00301,0.0,3.0,N2,156.8,3.2659356,6314.0,4675.0,154.866,1.147,7.776,,,,,,,156.013,,,,,,Nitrogen,2024-11-22 10:38:13,84191.0,8.039850372150237,0.1832065574175132,,,,8.034275749694034,6.252075749694034,0.584268698471871,,,,,0.6123189974962321
535,22786_d15N-d13C_MJS-24-007_Ribbon-leaved Pondweed; leaf (H12)-0000.dxf,11/22/2024,10:38:13,67,Sample,MJS-24-007_Ribbon-leaved Pondweed; leaf (H12),SAMPLE,0.00301,96.0,4.0,CO2,266.3,14.750706,,,,,,3173.0,3711.0,4539.0,87.947,1.022,0.377,89.346,-21.298,,,,,Carbon,2024-11-22 10:38:13,84191.0,,,-21.193375744511297,0.08400551912636381,,,,,,-20.560071421332843,1.5828285786671543,0.022376524298641794,0.08693466560226468
558,22790_d15N-d13C_SORGHUM-0000.dxf,11/22/2024,11:15:18,71,Sample,SORGHUM,STANDARD,0.00186,89.0,4.0,CO2,269.6,25.6690793,,,,,,8869.0,10427.0,12704.0,243.884,2.853,1.048,247.785,-14.543,,,,,Carbon,2024-11-22 11:15:18,86416.0,,,-14.431949836261154,0.08655170407679635,,,,,-13.78,-13.698927480905095,8.443972519094903,0.033200329053169074,0.09270091330637487
557,22790_d15N-d13C_SORGHUM-0000.dxf,11/22/2024,11:15:18,71,Sample,SORGHUM,STANDARD,0.00186,0.0,3.0,N2,158.2,1.5668417,1564.0,1151.0,39.713,0.292,1.133,,,,,,,40.005,,,,,,Nitrogen,2024-11-22 11:15:18,86416.0,1.416572118283916,0.18805101199057778,,,1.58,1.747184181778961,-0.03501581822103916,0.18909475082892754,,,,,0.2666833476273586
566,22791_d15N-d13C_WHEAT FLOUR-0000.dxf,11/22/2024,11:24:34,72,Sample,WHEAT FLOUR,STANDARD,0.00189,89.0,4.0,CO2,269.0,29.4823693,,,,,,9123.0,10599.0,13068.0,248.538,2.872,1.068,252.478,-27.453,,,,,Carbon,2024-11-22 11:24:34,86972.0,,,-27.34034408121078,0.08719952669308866,,,,,-26.871,-26.797695722426734,-4.654795722426737,0.028203716740543137,0.0916471881373317
565,22791_d15N-d13C_WHEAT FLOUR-0000.dxf,11/22/2024,11:24:34,72,Sample,WHEAT FLOUR,STANDARD,0.00189,0.0,3.0,N2,158.0,1.988841,2083.0,1537.0,51.968,0.383,3.912,,,,,,,52.351,,,,,,Nitrogen,2024-11-22 11:24:34,86972.0,4.200500338890803,0.18929567802729969,,,4.631,4.389804795104569,2.607604795104568,0.306932190680043,,,,,0.3606109030457418
574,22792_d15N-d13C_MJS-24-007_Leafy Pondweed; leaf (A1)-0000.dxf,11/22/2024,11:33:50,73,Sample,MJS-24-007_Leafy Pondweed; leaf (A1),SAMPLE,0.00281,96.0,4.0,CO2,267.7,17.3448207,,,,,,3173.0,3704.0,4544.0,88.91,1.031,0.382,90.324,-24.008,,,,,Carbon,2024-11-22 11:33:50,87528.0,,,-23.893738326160406,0.0878517691123682,,,,,,-23.300259159163808,-1.1573591591638106,0.02305362519042535,0.09082622402474665
573,22792_d15N-d13C_MJS-24-007_Leafy Pondweed; leaf (A1)-0000.dxf,11/22/2024,11:33:50,73,Sample,MJS-24-007_Leafy Pondweed; leaf (A1),SAMPLE,0.00281,0.0,3.0,N2,157.4,2.6922535,4593.0,3405.0,112.74,0.835,8.713,,,,,,,113.575,,,,,,Nitrogen,2024-11-22 11:33:50,87528.0,9.00642855949769,0.19055344775693606,,,,8.951792021618047,7.169592021618047,0.6588017962215205,,,,,0.6858064035547912
581,22793_d15N-d13C_MJS-24-007_Elodea; all (A2)-0000.dxf,11/22/2024,11:43:06,74,Sample,MJS-24-007_Elodea; all (A2),SAMPLE,0.00294,0.0,3.0,N2,157.4,3.5953718,6884.0,5093.0,170.016,1.259,7.86,,,,,,,171.274,,,,,,Nitrogen,2024-11-22 11:43:06,88084.0,8.15835678010458,0.19182406342114963,,,,8.146766967733791,6.364566967733791,0.5933556339075949,,,,,0.6235923184238923
582,22793_d15N-d13C_MJS-24-007_Elodea; all (A2)-0000.dxf,11/22/2024,11:43:06,74,Sample,MJS-24-007_Elodea; all (A2),SAMPLE,0.00294,96.0,4.0,CO2,268.6,6.0211707,,,,,,2896.0,3367.0,4149.0,80.545,0.931,0.346,81.822,-27.269,,,,,Carbon,2024-11-22 11:43:06,88084.0,,,-27.153132571110035,0.0885083336224326,,,,,,-26.607723202497354,-4.464823202497357,0.027832330303753233,0.0927812682105448
590,22794_d15N-d13C_MJS-24-007_Japanese Knotweed; leaf (A3)-0000.dxf,11/22/2024,11:52:22,75,Sample,MJS-24-007_Japanese Knotweed; leaf (A3),SAMPLE,0.00281,96.0,4.0,CO2,266.1,75.2933184,,,,,,3814.0,4413.0,5465.0,111.873,1.285,0.48,113.638,-33.332,,,,,Carbon,2024-11-22 11:52:22,88640.0,,,-33.21452681605966,0.08916912475088913,,,,,,-32.75851135851855,-10.61561135851855,0.0427329736361587,0.09887992639878057
589,22794_d15N-d13C_MJS-24-007_Japanese Knotweed; leaf (A3)-0000.dxf,11/22/2024,11:52:22,75,Sample,MJS-24-007_Japanese Knotweed; leaf (A3),SAMPLE,0.00281,0.0,3.0,N2,158.0,2.7351418,4651.0,3439.0,114.847,0.851,8.062,,,,,,,115.697,,,,,,Nitrogen,2024-11-22 11:52:22,88640.0,8.365285000711467,0.1931072714473815,,,,8.343191852975746,6.560991852975746,0.609259683790718,,,,,0.63913048791199
598,22795_d15N-d13C_MJS-24-007_Oak; leaf (A4)-0000.dxf,11/22/2024,12:01:39,76,Sample,MJS-24-007_Oak; leaf (A4),SAMPLE,0.00273,96.0,4.0,CO2,264.6,87.9392053,,,,,,3923.0,4562.0,5616.0,114.749,1.324,0.493,116.566,-28.347,,,,,Carbon,2024-11-22 12:01:39,89197.0,,,-28.22791817296064,0.08983524880471648,,,,,,-27.698359825520665,-5.555459825520668,0.030070477561519357,0.09473439474965338
597,22795_d15N-d13C_MJS-24-007_Oak; leaf (A4)-0000.dxf,11/22/2024,12:01:39,76,Sample,MJS-24-007_Oak; leaf (A4),SAMPLE,0.00273,0.0,3.0,N2,157.4,2.5747202,4245.0,3119.0,103.53,0.762,2.14,,,,,,,104.292,,,,,,Nitrogen,2024-11-22 12:01:39,89197.0,2.4482220850244825,0.19440516357754367,,,,2.726469296842374,0.9442692968423738,0.21348751835996838,,,,,0.28873913507023835
606,22796_d15N-d13C_MJS-24-007_Phragmites; leaf (A5)-0000.dxf,11/22/2024,12:10:55,77,Sample,MJS-24-007_Phragmites; leaf (A5),SAMPLE,0.00267,96.0,4.0,CO2,265.4,49.0629481,,,,,,3582.0,4158.0,5129.0,102.453,1.181,0.44,104.074,-29.651,,,,,Carbon,2024-11-22 12:10:55,89753.0,,,-29.530312417910263,0.09050422271845929,,,,,,-29.01996188151313,-6.877061881513132,0.03307736663696084,0.09635936131745795
605,22796_d15N-d13C_MJS-24-007_Phragmites; leaf (A5)-0000.dxf,11/22/2024,12:10:55,77,Sample,MJS-24-007_Phragmites; leaf (A5),SAMPLE,0.00267,0.0,3.0,N2,157.8,0.9410757,1375.0,1016.0,34.009,0.253,13.031,,,,,,,34.262,,,,,,Nitrogen,2024-11-22 12:10:55,89753.0,13.34415030563137,0.19571283403101697,,,,13.069338162482527,11.287138162482528,1.0002523087294466,,,,,1.0192194045067238
613,22797_d15N-d13C_MJS-24-007_Black Willow; leaf (A6)-0000.dxf,11/22/2024,12:20:11,78,Sample,MJS-24-007_Black Willow; leaf (A6),SAMPLE,0.00304,0.0,3.0,N2,157.8,2.4972048,4640.0,3438.0,113.196,0.841,10.613,,,,,,,114.037,,,,,,Nitrogen,2024-11-22 12:20:11,90309.0,10.931078526238258,0.19703236106385888,,,,10.778749928757014,8.996549928757014,0.8092902188261751,,,,,0.8329300148236449
614,22797_d15N-d13C_MJS-24-007_Black Willow; leaf (A6)-0000.dxf,11/22/2024,12:20:11,78,Sample,MJS-24-007_Black Willow; leaf (A6),SAMPLE,0.00304,96.0,4.0,CO2,263.5,148.3195658,,,,,,4416.0,5129.0,6323.0,132.195,1.523,0.567,134.286,-29.849,,,,,Carbon,2024-11-22 12:20:11,90309.0,,,-29.72670666285989,0.09117714974549529,,,,,,-29.21925256397507,-7.076352563975071,0.03355394223756697,0.09715523493561452
622,22798_d15N-d13C_MJS-24-008_Cattail; leaf (A7)-0000.dxf,11/22/2024,12:29:27,79,Sample,MJS-24-008_Cattail; leaf (A7),SAMPLE,0.00281,96.0,4.0,CO2,265.0,73.8192164,,,,,,3837.0,4452.0,5495.0,111.434,1.284,0.478,113.196,-30.021,,,,,Carbon,2024-11-22 12:29:27,90865.0,,,-29.897100907809516,0.09185394300369075,,,,,,-29.392159796426345,-7.249259796426347,0.03397176601711011,0.09793481368566821
621,22798_d15N-d13C_MJS-24-008_Cattail; leaf (A7)-0000.dxf,11/22/2024,12:29:27,79,Sample,MJS-24-008_Cattail; leaf (A7),SAMPLE,0.00281,0.0,3.0,N2,157.8,2.289659,3837.0,2844.0,93.579,0.696,10.946,,,,,,,94.275,,,,,,Nitrogen,2024-11-22 12:29:27,90865.0,11.269006746845145,0.1983635080639857,,,,11.099525469947343,9.317325469947344,0.8359122626978404,,,,,0.8591259466807379
630,22799_d15N-d13C_MJS-24-008_Reed Canary Grass; leaf (A8)-0000.dxf,11/22/2024,12:38:44,80,Sample,MJS-24-008_Reed Canary Grass; leaf (A8),SAMPLE,0.00311,96.0,4.0,CO2,263.1,112.4208655,,,,,,4197.0,4869.0,6010.0,124.489,1.433,0.534,126.456,-30.554,,,,,Carbon,2024-11-22 12:38:44,91422.0,,,-30.428492264710492,0.0925357450724752,,,,,,-29.931388154153094,-7.788488154153097,0.0352990665647386,0.09903983146421425
629,22799_d15N-d13C_MJS-24-008_Reed Canary Grass; leaf (A8)-0000.dxf,11/22/2024,12:38:44,80,Sample,MJS-24-008_Reed Canary Grass; leaf (A8),SAMPLE,0.00311,0.0,3.0,N2,157.0,3.2733743,6725.0,4976.0,161.925,1.2,8.352,,,,,,,163.125,,,,,,Nitrogen,2024-11-22 12:38:44,91422.0,8.67994383115816,0.1997084674236421,,,,8.641879119891733,6.859679119891733,0.6335269101277764,,,,,0.6642588485046681
638,22800_d15N-d13C_MJS-24-008_Reed Canary Grass; seeds (A9)-0000.dxf,11/22/2024,12:47:59,81,Sample,MJS-24-008_Reed Canary Grass; seeds (A9),SAMPLE,0.00303,96.0,4.0,CO2,265.0,61.1773982,,,,,,3753.0,4355.0,5375.0,109.043,1.256,0.468,110.766,-30.185,,,,,Carbon,2024-11-22 12:47:59,91977.0,,,-30.05788939770877,0.09321879089469734,,,,,,-29.555319607408922,-7.412419607408925,0.03436959459027024,0.09935296678091118
637,22800_d15N-d13C_MJS-24-008_Reed Canary Grass; seeds (A9)-0000.dxf,11/22/2024,12:47:59,81,Sample,MJS-24-008_Reed Canary Grass; seeds (A9),SAMPLE,0.00303,0.0,3.0,N2,157.8,0.7173441,1179.0,876.0,29.256,0.219,17.967,,,,,,,29.475,,,,,,Nitrogen,2024-11-22 12:47:59,91977.0,18.29986318805892,0.201059736772114,,,,17.773507228296808,15.991307228296808,1.39618984485151,,,,,1.4105924643983305
645,22801_d15N-d13C_MJS-24-008_Hemp Dogbane; leaf (A10)-0000.dxf,11/22/2024,12:57:15,82,Sample,MJS-24-008_Hemp Dogbane; leaf (A10),SAMPLE,0.00319,0.0,3.0,N2,158.2,1.5831271,2890.0,2139.0,71.475,0.531,10.274,,,,,,,72.006,,,,,,Nitrogen,2024-11-22 12:57:15,92533.0,10.611791408665809,0.20242436648101578,,,,10.475669298940224,8.693469298940224,0.7841826678858221,,,,,0.8098876963862127
646,22801_d15N-d13C_MJS-24-008_Hemp Dogbane; leaf (A10)-0000.dxf,11/22/2024,12:57:15,82,Sample,MJS-24-008_Hemp Dogbane; leaf (A10),SAMPLE,0.00319,96.0,4.0,CO2,262.9,163.2957241,,,,,,4534.0,5264.0,6493.0,137.027,1.578,0.588,139.193,-30.08,,,,,Carbon,2024-11-22 12:57:15,92533.0,,,-29.951283642658396,0.09390668185385187,,,,,,-29.447141622438902,-7.304241622438905,0.03410544706345461,0.09990818993555362
654,22802_d15N-d13C_MJS-24-008_Riverbank Grape; leaf (A11)-0000.dxf,11/22/2024,13:06:31,83,Sample,MJS-24-008_Riverbank Grape; leaf (A11),SAMPLE,0.00268,96.0,4.0,CO2,264.8,57.4224458,,,,,,3685.0,4278.0,5277.0,105.368,1.215,0.452,107.035,-29.237,,,,,Carbon,2024-11-22 13:06:31,93089.0,,,-29.106677887608022,0.0945981116170117,,,,,,-28.590079556396976,-6.4471795563969785,0.03206869265889731,0.09988595381912023
653,22802_d15N-d13C_MJS-24-008_Riverbank Grape; leaf (A11)-0000.dxf,11/22/2024,13:06:31,83,Sample,MJS-24-008_Riverbank Grape; leaf (A11),SAMPLE,0.00268,0.0,3.0,N2,157.4,2.5666616,4140.0,3055.0,100.987,0.747,6.067,,,,,,,101.734,,,,,,Nitrogen,2024-11-22 13:06:31,93089.0,6.409719629272697,0.2037997121261828,,,,6.486887756118222,4.704687756118221,0.4613468013580254,,,,,0.5043562171580681
661,22803_d15N-d13C_MJS-24-008_Bulrush; seeds (A12)-0000.dxf,11/22/2024,13:15:47,84,Sample,MJS-24-008_Bulrush; seeds (A12),SAMPLE,0.00286,0.0,3.0,N2,157.4,1.3128381,2113.0,1574.0,51.9,0.389,18.444,,,,,,,52.288,,,,,,Nitrogen,2024-11-22 13:15:47,93645.0,18.791647849879585,0.20518555822302648,,,,18.240329711371224,16.458129711371225,1.4356363805388188,,,,,1.4502251309468799
662,22803_d15N-d13C_MJS-24-008_Bulrush; seeds (A12)-0000.dxf,11/22/2024,13:15:47,84,Sample,MJS-24-008_Bulrush; seeds (A12),SAMPLE,0.00286,96.0,4.0,CO2,265.0,52.6226166,,,,,,3662.0,4247.0,5246.0,104.952,1.208,0.451,106.611,-30.452,,,,,Carbon,2024-11-22 13:15:47,93645.0,,,-30.320072132557655,0.09529300315333476,,,,,,-29.82136903350679,-7.6784690335067936,0.03502539721673646,0.10152603065308738
685,22807_d15N-d13C_SORGHUM-0000.dxf,11/22/2024,13:57:13,88,Sample,SORGHUM,STANDARD,0.00188,0.0,3.0,N2,157.4,1.7668791,1727.0,1271.0,45.578,0.335,0.74,,,,,,,45.913,,,,,,Nitrogen,2024-11-22 13:57:13,96131.0,1.1096830233125399,0.2115049401400542,,,1.58,1.4558722713736687,-0.3263277286263315,0.18848369583707,,,,,0.2833027414269919
686,22807_d15N-d13C_SORGHUM-0000.dxf,11/22/2024,13:57:13,88,Sample,SORGHUM,STANDARD,0.00188,89.0,4.0,CO2,266.9,48.0254623,,,,,,9745.0,11451.0,13982.0,265.484,3.102,1.143,269.729,-14.923,,,,,Carbon,2024-11-22 13:57:13,96131.0,,,-14.783892443609401,0.09844041838927835,,,,,-13.78,-14.056060565043364,8.086839434956634,0.03235774228257703,0.10362209927559779
694,22808_d15N-d13C_WHEAT FLOUR-0000.dxf,11/22/2024,14:06:28,89,Sample,WHEAT FLOUR,STANDARD,0.00202,89.0,4.0,CO2,267.5,29.5719941,,,,,,9277.0,10773.0,13314.0,250.738,2.896,1.079,254.713,-27.63,,,,,Carbon,2024-11-22 14:06:28,96686.0,,,-27.489289576607682,0.09915168174389884,,,,,-26.871,-26.94883787750818,-4.805937877508182,0.02850505163308098,0.1031677951748898
693,22808_d15N-d13C_WHEAT FLOUR-0000.dxf,11/22/2024,14:06:28,89,Sample,WHEAT FLOUR,STANDARD,0.00202,0.0,3.0,N2,157.6,1.9353795,2085.0,1538.0,54.193,0.399,3.596,,,,,,,54.592,,,,,,Nitrogen,2024-11-22 14:06:28,96686.0,3.9706023802133004,0.21294200584589645,,,4.631,4.171576077831747,2.3893760778317468,0.29246322915313155,,,,,0.36177208054291715
702,22809_d15N-d13C_MJS-24-008_Bulrush; leaf (B1)-0000.dxf,11/22/2024,14:15:43,90,Sample,MJS-24-008_Bulrush; leaf (B1),SAMPLE,0.00277,96.0,4.0,CO2,264.8,64.2096595,,,,,,3733.0,4331.0,5353.0,108.196,1.246,0.465,109.907,-30.648,,,,,Carbon,2024-11-22 14:15:43,97241.0,,,-30.50568670960596,0.09986594068563673,,,,,,-30.009721068691576,-7.8668210686915785,0.03549477229363629,0.10598624896279801
701,22809_d15N-d13C_MJS-24-008_Bulrush; leaf (B1)-0000.dxf,11/22/2024,14:15:43,90,Sample,MJS-24-008_Bulrush; leaf (B1),SAMPLE,0.00277,0.0,3.0,N2,157.4,2.29456,3601.0,2667.0,92.3,0.683,7.408,,,,,,,92.982,,,,,,Nitrogen,2024-11-22 14:15:43,97241.0,7.78752173711406,0.21438824371831908,,,,7.794754900218414,6.012554900218413,0.5649759179479225,,,,,0.6042847895700528
710,22810_d15N-d13C_MJS-24-008_Watermilfoil; all (B2)-0000.dxf,11/22/2024,14:24:58,91,Sample,MJS-24-008_Watermilfoil; all (B2),SAMPLE,0.00296,96.0,4.0,CO2,263.8,56.1739193,,,,,,3767.0,4392.0,5403.0,106.849,1.236,0.459,108.544,-25.057,,,,,Carbon,2024-11-22 14:24:58,97796.0,,,-24.913083842604237,0.1005831313979004,,,,,,-24.334638062113406,-2.1917380621134086,0.02415158369646939,0.10344208677735994
709,22810_d15N-d13C_MJS-24-008_Watermilfoil; all (B2)-0000.dxf,11/22/2024,14:24:58,91,Sample,MJS-24-008_Watermilfoil; all (B2),SAMPLE,0.00296,0.0,3.0,N2,156.5,3.670794,7124.0,5290.0,176.291,1.31,11.701,,,,,,,177.601,,,,,,Nitrogen,2024-11-22 14:24:58,97796.0,12.085441094014822,0.21584346938580895,,,,11.874518955514759,10.09231895551476,0.9004108264806818,,,,,0.9259201151935987
718,22811_d15N-d13C_MJS-24-008_Sedge; leaf (B3)-0000.dxf,11/22/2024,14:34:14,92,Sample,MJS-24-008_Sedge; leaf (B3),SAMPLE,0.00298,96.0,4.0,CO2,264.6,56.1621003,,,,,,3707.0,4288.0,5316.0,106.986,1.229,0.46,108.674,-32.361,,,,,Carbon,2024-11-22 14:34:14,98352.0,,,-32.21547808755386,0.10130449157179477,,,,,,-31.7447285821051,-9.601828582105103,0.03998947221175643,0.10891169772065203
717,22811_d15N-d13C_MJS-24-008_Sedge; leaf (B3)-0000.dxf,11/22/2024,14:34:14,92,Sample,MJS-24-008_Sedge; leaf (B3),SAMPLE,0.00298,0.0,3.0,N2,157.2,2.5947651,4504.0,3347.0,115.661,0.861,13.413,,,,,,,116.522,,,,,,Nitrogen,2024-11-22 14:34:14,98352.0,13.802369314621709,0.21731014802372534,,,,13.504298729932621,11.722098729932622,1.0366963631751156,,,,,1.0592275722688702
731,22813_d15N-d13C_CAK265_Common Shiner; muscle (B5)-0000.dxf,11/22/2024,14:52:44,94,Sample,CAK265_Common Shiner; muscle (B5),SAMPLE,0.00125,50.0,3.0,N2,156.8,9.6574422,4022.0,2996.0,101.819,0.758,14.452,,,,,,,102.577,,,,,,Nitrogen,2024-11-22 14:52:44,99462.0,14.85120802842323,0.22026396245977148,,,,14.499900119591151,12.717700119591152,1.1202728951915928,,,,,1.1417213201387775
732,22813_d15N-d13C_CAK265_Common Shiner; muscle (B5)-0000.dxf,11/22/2024,14:52:44,94,Sample,CAK265_Common Shiner; muscle (B5),SAMPLE,0.00125,89.0,4.0,CO2,269.4,0.9810787,,,,,,7411.0,8601.0,10645.0,196.742,2.273,0.848,199.863,-26.264,,,,,Carbon,2024-11-22 14:52:44,99462.0,,,-26.115272353550424,0.1027529888728876,,,,,,-25.55455654218812,-3.4116565421881226,0.025937480006025627,0.10597608027934767
739,22814_d15N-d13C_CAK257_Spottail Shiner; muscle (B6)-0000.dxf,11/22/2024,15:01:59,95,Sample,CAK257_Spottail Shiner; muscle (B6),SAMPLE,0.00055,50.0,3.0,N2,157.2,11.6100489,1749.0,1301.0,46.392,0.344,11.681,,,,,,,46.736,,,,,,Nitrogen,2024-11-22 15:01:59,100017.0,12.085127385323988,0.22175338572851874,,,,11.874221170159935,10.092021170159935,0.900385999516599,,,,,0.9272914925780168
740,22814_d15N-d13C_CAK257_Spottail Shiner; muscle (B6)-0000.dxf,11/22/2024,15:01:59,95,Sample,CAK257_Spottail Shiner; muscle (B6),SAMPLE,0.00055,89.0,4.0,CO2,274.4,267.3289699,,,,,,3259.0,3778.0,4692.0,84.274,0.975,0.364,85.613,-25.162,,,,,Carbon,2024-11-22 15:01:59,100017.0,,,-25.0116694865487,0.10348130373044416,,,,,,-24.43467765475871,-2.291777654758711,0.02427922269490157,0.10629139606017535
747,22815_d15N-d13C_CAK261_Sand Shiner; muscle (B7)-0000.dxf,11/22/2024,15:11:14,96,Sample,CAK261_Sand Shiner; muscle (B7),SAMPLE,0.0012,50.0,3.0,N2,156.5,9.8361231,3887.0,2893.0,98.647,0.733,12.752,,,,,,,99.38,,,,,,Nitrogen,2024-11-22 15:11:14,100572.0,13.16104674222475,0.2232509306734655,,,,12.895528634115369,11.11332863411537,0.9857026680365419,,,,,1.0106684559344503
748,22815_d15N-d13C_CAK261_Sand Shiner; muscle (B7)-0000.dxf,11/22/2024,15:11:14,96,Sample,CAK261_Sand Shiner; muscle (B7),SAMPLE,0.0012,89.0,4.0,CO2,269.6,-0.2910148,,,,,,7138.0,8292.0,10259.0,188.765,2.184,0.814,191.763,-25.596,,,,,Carbon,2024-11-22 15:11:14,100572.0,,,-25.44406661954698,0.10421225368251848,,,,,,-24.873451814113103,-2.730551814113106,0.024880287943275754,0.10714113377097471
774,22819_d15N-d13C_SORGHUM-0000.dxf,11/22/2024,15:48:15,100,Sample,SORGHUM,STANDARD,0.00175,0.0,3.0,N2,157.8,1.9239739,1578.0,1162.0,46.235,0.34,0.216,,,,,,,46.574,,,,,,Nitrogen,2024-11-22 15:48:15,102793.0,0.6447330335339182,0.22932189265055386,,,1.58,1.014522376624347,-0.7676776233756533,0.19371891179813014,,,,,0.30019251695717514
775,22819_d15N-d13C_SORGHUM-0000.dxf,11/22/2024,15:48:15,100,Sample,SORGHUM,STANDARD,0.00175,89.0,4.0,CO2,268.6,21.5022248,,,,,,8776.0,10310.0,12618.0,237.433,2.775,1.024,241.233,-14.636,,,,,Carbon,2024-11-22 15:48:15,102793.0,,,-14.477652263491443,0.10716266028968624,,,,,-13.78,-13.745303931066491,8.397596068933506,0.03308988175553894,0.11215514270401623
782,22820_d15N-d13C_WHEAT FLOUR-0000.dxf,11/22/2024,15:57:30,101,Sample,WHEAT FLOUR,STANDARD,0.00189,0.0,3.0,N2,157.8,2.2686732,2112.0,1558.0,59.841,0.44,2.637,,,,,,,60.281,,,,,,Nitrogen,2024-11-22 15:57:30,103348.0,3.0706523904346783,0.2308576924123809,,,4.631,3.3173060660019487,1.5351060660019484,0.24133992475657168,,,,,0.33397639651250377
783,22820_d15N-d13C_WHEAT FLOUR-0000.dxf,11/22/2024,15:57:30,101,Sample,WHEAT FLOUR,STANDARD,0.00189,89.0,4.0,CO2,267.7,34.5509348,,,,,,9396.0,10908.0,13507.0,253.67,2.929,1.094,257.693,-27.61,,,,,Carbon,2024-11-22 15:57:30,103348.0,,,-27.45004939648972,0.10790599028439901,,,,,-26.871,-26.909018980179273,-4.766118980179275,0.02842517072623213,0.11158715459259752
791,22821_d15N-d13C_ACETANILIDE-0000.dxf,11/22/2024,16:06:46,102,Sample,ACETANILIDE,STANDARD,0.00065,89.0,4.0,CO2,270.0,9.780286,,,,,,6242.0,7223.0,8979.0,163.994,1.891,0.708,166.593,-29.42,,,,,Carbon,2024-11-22 16:06:46,103904.0,,,-29.25844364143935,0.10865298991460606,,,,,-28.842,-28.74408356330234,-6.601183563302342,0.032426905746893366,0.11338860804199596
790,22821_d15N-d13C_ACETANILIDE-0000.dxf,11/22/2024,16:06:46,102,Sample,ACETANILIDE,STANDARD,0.00065,0.0,3.0,N2,156.5,12.3835792,4544.0,3334.0,121.293,0.889,-1.28,,,,,,,122.182,,,,,,Nitrogen,2024-11-22 16:06:46,103904.0,-0.8414193889584337,0.23240347695589705,,,-1.282,-0.39619539876640264,-2.178395398766403,0.25082742473625536,,,,,0.34194410815367476
798,22822_d15N-d13C_BL SEDIMENT-0000.dxf,11/22/2024,16:16:09,103,Sample,BL SEDIMENT,STANDARD,0.00887,0.0,3.0,N2,157.6,0.7766894,3854.0,2850.0,101.164,0.75,8.795,,,,,,,101.913,,,,,,Nitrogen,2024-11-22 16:16:09,104467.0,9.238570877591346,0.23397593746326212,,,3.035,9.172151178322796,7.389951178322796,0.6768264666869118,,,,,0.7161276459680227
799,22822_d15N-d13C_BL SEDIMENT-0000.dxf,11/22/2024,16:16:09,103,Sample,BL SEDIMENT,STANDARD,0.00887,89.0,4.0,CO2,269.6,4.0724451,,,,,,8652.0,10020.0,12439.0,236.441,2.725,1.02,240.186,-28.773,,,,,Carbon,2024-11-22 16:16:09,104467.0,,,-28.609817670048415,0.10941172199361607,,,,,-28.012,-28.085891605925006,-5.942991605925009,0.030922205457314438,0.11369743928494035
